n_dis	n_conf	ratio	method	rep	disease_precision	confounder_frac	cross_fold_jaccard
30	30	1.0	effect_size	0	0.6	0.4	0.8354290131019692
30	30	1.0	stability	0	0.6	0.4	0.8023383374260568
30	30	1.0	connectivity	0	0.6	0.4	0.8524757911550366
30	30	1.0	effect_size	1	0.5	0.5	0.8089642344855851
30	30	1.0	stability	1	0.46	0.54	0.77134131571108
30	30	1.0	connectivity	1	0.54	0.46	0.7967266651477178
30	30	1.0	effect_size	2	0.4	0.58	0.7362069430156778
30	30	1.0	stability	2	0.36	0.58	0.5016662360823906
30	30	1.0	connectivity	2	0.4	0.6	0.8129709796376464
30	30	1.0	effect_size	3	0.54	0.46	0.8025282060369779
30	30	1.0	stability	3	0.54	0.44	0.6071629951293603
30	30	1.0	connectivity	3	0.42	0.58	0.8056891701437353
30	30	1.0	effect_size	4	0.52	0.48	0.7971169506257225
30	30	1.0	stability	4	0.48	0.52	0.6402560221740002
30	30	1.0	connectivity	4	0.46	0.54	0.8468641188766975
30	30	1.0	effect_size	5	0.4	0.6	0.6241109650453366
30	30	1.0	stability	5	0.46	0.5	0.46119677475945015
30	30	1.0	connectivity	5	0.4	0.6	0.7814429694345
30	30	1.0	effect_size	6	0.42	0.58	0.7882066526612178
30	30	1.0	stability	6	0.44	0.56	0.7775127730319626
30	30	1.0	connectivity	6	0.4	0.6	0.8753695640488095
30	30	1.0	effect_size	7	0.6	0.4	0.8526875523730871
30	30	1.0	stability	7	0.6	0.38	0.8185826519159853
30	30	1.0	connectivity	7	0.6	0.4	0.8870164310415882
30	30	1.0	effect_size	8	0.4	0.6	0.905856951176966
30	30	1.0	stability	8	0.32	0.6	0.5922483519819586
30	30	1.0	connectivity	8	0.4	0.6	0.8988872762457669
30	30	1.0	effect_size	9	0.6	0.4	0.8033306696001169
30	30	1.0	stability	9	0.58	0.42	0.7159020664563139
30	30	1.0	connectivity	9	0.42	0.58	0.7899008661702148
30	30	1.0	effect_size	10	0.56	0.44	0.7758312971561612
30	30	1.0	stability	10	0.56	0.4	0.7345715496612172
30	30	1.0	connectivity	10	0.54	0.46	0.7810526839564953
30	30	1.0	effect_size	11	0.36	0.6	0.5463733983852974
30	30	1.0	stability	11	0.26	0.6	0.5456923094295492
30	30	1.0	connectivity	11	0.4	0.6	0.7614118309823089
30	30	1.0	effect_size	12	0.52	0.48	0.7814226003881176
30	30	1.0	stability	12	0.5	0.48	0.598209544826276
30	30	1.0	connectivity	12	0.4	0.6	0.8079500097043958
30	30	1.0	effect_size	13	0.56	0.44	0.7969270820148013
30	30	1.0	stability	13	0.5	0.5	0.8239939073272408
30	30	1.0	connectivity	13	0.4	0.6	0.8300177576907136
30	30	1.0	effect_size	14	0.6	0.4	0.8928398645379779
30	30	1.0	stability	14	0.6	0.4	0.8583227859957421
30	30	1.0	connectivity	14	0.6	0.4	0.8874643874643876
30	30	1.0	effect_size	15	0.38	0.58	0.676828950700504
30	30	1.0	stability	15	0.28	0.56	0.4332873737007903
30	30	1.0	connectivity	15	0.4	0.6	0.8475002751732311
30	30	1.0	effect_size	16	0.54	0.46	0.7924455280777121
30	30	1.0	stability	16	0.56	0.42	0.677547363031234
30	30	1.0	connectivity	16	0.4	0.6	0.8520636130699025
30	30	1.0	effect_size	17	0.52	0.48	0.801948051948052
30	30	1.0	stability	17	0.52	0.48	0.6537703297126335
30	30	1.0	connectivity	17	0.48	0.52	0.7980572003560509
30	30	1.0	effect_size	18	0.58	0.42	0.7971169506257225
30	30	1.0	stability	18	0.56	0.44	0.6967044511538393
30	30	1.0	connectivity	18	0.5	0.5	0.791125541125541
30	30	1.0	effect_size	19	0.46	0.54	0.7464114832535885
30	30	1.0	stability	19	0.5	0.5	0.6500778900066618
30	30	1.0	connectivity	19	0.44	0.56	0.7707899581765281
30	30	1.0	effect_size	20	0.56	0.44	0.8133831577227802
30	30	1.0	stability	20	0.54	0.46	0.7776398334474558
30	30	1.0	connectivity	20	0.56	0.44	0.8131713965047299
30	30	1.0	effect_size	21	0.6	0.4	0.8312559606833027
30	30	1.0	stability	21	0.58	0.42	0.7246506095747844
30	30	1.0	connectivity	21	0.44	0.56	0.8187725205269065
30	30	1.0	effect_size	22	0.44	0.56	0.764333482272253
30	30	1.0	stability	22	0.5	0.5	0.5917767969091428
30	30	1.0	connectivity	22	0.42	0.58	0.8255784654071361
30	30	1.0	effect_size	23	0.4	0.6	0.7826811724270889
30	30	1.0	stability	23	0.34	0.58	0.5486488014473089
30	30	1.0	connectivity	23	0.4	0.6	0.8520636130699025
30	30	1.0	effect_size	24	0.42	0.58	0.7971169506257225
30	30	1.0	stability	24	0.38	0.58	0.5049791516383588
30	30	1.0	connectivity	24	0.4	0.6	0.8693221523410202
30	30	1.0	effect_size	25	0.52	0.48	0.7926980273885272
30	30	1.0	stability	25	0.48	0.52	0.8021484688151355
30	30	1.0	connectivity	25	0.42	0.58	0.796916533758639
30	30	1.0	effect_size	26	0.4	0.6	0.642691798941799
30	30	1.0	stability	26	0.28	0.6	0.43925064072032843
30	30	1.0	connectivity	26	0.4	0.6	0.7714741398951924
30	30	1.0	effect_size	27	0.6	0.4	0.7765725233016343
30	30	1.0	stability	27	0.58	0.34	0.5571259329955257
30	30	1.0	connectivity	27	0.4	0.6	0.8187725205269065
30	30	1.0	effect_size	28	0.52	0.48	0.6416501761329346
30	30	1.0	stability	28	0.46	0.38	0.32702747916463887
30	30	1.0	connectivity	28	0.42	0.58	0.8354290131019692
30	30	1.0	effect_size	29	0.6	0.4	0.8354290131019692
30	30	1.0	stability	29	0.6	0.4	0.7450051682879515
30	30	1.0	connectivity	29	0.6	0.4	0.86480776797092
30	30	1.0	effect_size	30	0.46	0.54	0.8576752853482414
30	30	1.0	stability	30	0.44	0.54	0.6516261076017819
30	30	1.0	connectivity	30	0.42	0.58	0.8522753742879529
30	30	1.0	effect_size	31	0.36	0.6	0.710544015405746
30	30	1.0	stability	31	0.3	0.6	0.42044389588618625
30	30	1.0	connectivity	31	0.4	0.6	0.8991112544571663
30	30	1.0	effect_size	32	0.32	0.6	0.5935829898571715
30	30	1.0	stability	32	0.2	0.6	0.507787336703053
30	30	1.0	connectivity	32	0.4	0.6	0.7594136231257654
30	30	1.0	effect_size	33	0.56	0.44	0.7880076290763626
30	30	1.0	stability	33	0.56	0.42	0.637397700584669
30	30	1.0	connectivity	33	0.4	0.6	0.8645819589215816
30	30	1.0	effect_size	34	0.38	0.6	0.5931776116532859
30	30	1.0	stability	34	0.18	0.56	0.3185626478309405
30	30	1.0	connectivity	34	0.4	0.6	0.8930638427493772
30	30	1.0	effect_size	35	0.48	0.52	0.7924265523135579
30	30	1.0	stability	35	0.48	0.52	0.760508256632407
30	30	1.0	connectivity	35	0.6	0.4	0.8697578917704704
30	30	1.0	effect_size	36	0.58	0.42	0.8087321042211522
30	30	1.0	stability	36	0.58	0.36	0.5240836756885625
30	30	1.0	connectivity	36	0.44	0.56	0.8075597242263909
30	30	1.0	effect_size	37	0.56	0.44	0.7862740707568294
30	30	1.0	stability	37	0.58	0.4	0.6632019791267771
30	30	1.0	connectivity	37	0.6	0.4	0.7777055584858591
30	30	1.0	effect_size	38	0.54	0.46	0.8239939073272406
30	30	1.0	stability	38	0.54	0.44	0.6497821999350202
30	30	1.0	connectivity	38	0.42	0.58	0.8695339135590707
30	30	1.0	effect_size	39	0.42	0.58	0.7163833727906804
30	30	1.0	stability	39	0.42	0.54	0.5340318616683551
30	30	1.0	connectivity	39	0.4	0.6	0.857887046566292
60	30	2.0	effect_size	0	0.96	0.04	0.6971920560715414
60	30	2.0	stability	0	0.98	0.02	0.6865960892403784
60	30	2.0	connectivity	0	1.0	0.0	0.736996139461974
60	30	2.0	effect_size	1	0.66	0.34	0.6364092186015223
60	30	2.0	stability	1	0.62	0.38	0.6023180372722471
60	30	2.0	connectivity	1	0.5	0.5	0.5213945645981232
60	30	2.0	effect_size	2	0.42	0.58	0.6115272047475437
60	30	2.0	stability	2	0.46	0.54	0.49575017045806735
60	30	2.0	connectivity	2	0.64	0.36	0.6580148209229764
60	30	2.0	effect_size	3	0.98	0.02	0.7244797167280171
60	30	2.0	stability	3	0.92	0.08	0.6669753943996789
60	30	2.0	connectivity	3	1.0	0.0	0.7823959567980237
60	30	2.0	effect_size	4	0.5	0.5	0.6010912101533198
60	30	2.0	stability	4	0.52	0.48	0.5071830516474577
60	30	2.0	connectivity	4	0.4	0.6	0.6612116899158998
60	30	2.0	effect_size	5	0.72	0.28	0.5562309333403838
60	30	2.0	stability	5	0.7	0.3	0.5799500984257727
60	30	2.0	connectivity	5	0.92	0.08	0.6448097562359311
60	30	2.0	effect_size	6	0.7	0.3	0.6151661433406923
60	30	2.0	stability	6	0.72	0.28	0.5881020420615873
60	30	2.0	connectivity	6	0.96	0.04	0.7037155951751403
60	30	2.0	effect_size	7	0.96	0.04	0.7754613807245386
60	30	2.0	stability	7	0.98	0.02	0.8133612651156512
60	30	2.0	connectivity	7	0.98	0.02	0.7657689882432774
60	30	2.0	effect_size	8	0.76	0.24	0.5679250864007607
60	30	2.0	stability	8	0.76	0.24	0.6002357484212323
60	30	2.0	connectivity	8	0.74	0.26	0.538142525417692
60	30	2.0	effect_size	9	0.62	0.38	0.6469327741062106
60	30	2.0	stability	9	0.6	0.4	0.5966635013592502
60	30	2.0	connectivity	9	0.96	0.04	0.6413606403013182
60	30	2.0	effect_size	10	0.66	0.34	0.5800527912773531
60	30	2.0	stability	10	0.56	0.44	0.5301174767557958
60	30	2.0	connectivity	10	0.78	0.22	0.4995038319003477
60	30	2.0	effect_size	11	0.5	0.5	0.5641650938967353
60	30	2.0	stability	11	0.48	0.44	0.4236385410245655
60	30	2.0	connectivity	11	0.48	0.52	0.5836319764469465
60	30	2.0	effect_size	12	0.9	0.1	0.5465835790502086
60	30	2.0	stability	12	0.88	0.12	0.5210069717213777
60	30	2.0	connectivity	12	0.66	0.34	0.5047387781817199
60	30	2.0	effect_size	13	0.76	0.24	0.6262043610547666
60	30	2.0	stability	13	0.78	0.22	0.4694109097094172
60	30	2.0	connectivity	13	0.78	0.22	0.6073936068639457
60	30	2.0	effect_size	14	0.46	0.54	0.6180100007274782
60	30	2.0	stability	14	0.44	0.54	0.5479554237378021
60	30	2.0	connectivity	14	0.4	0.6	0.7295302106815842
60	30	2.0	effect_size	15	0.9	0.1	0.6421212520703758
60	30	2.0	stability	15	0.86	0.14	0.6203698305247541
60	30	2.0	connectivity	15	0.86	0.14	0.5842552384891094
60	30	2.0	effect_size	16	0.56	0.44	0.6315387724686566
60	30	2.0	stability	16	0.46	0.54	0.5859240033068636
60	30	2.0	connectivity	16	0.86	0.14	0.5941509359781282
60	30	2.0	effect_size	17	0.8	0.2	0.61468678485054
60	30	2.0	stability	17	0.78	0.22	0.5393926657919195
60	30	2.0	connectivity	17	0.82	0.18	0.6580148209229765
60	30	2.0	effect_size	18	0.82	0.18	0.5332790686101524
60	30	2.0	stability	18	0.68	0.32	0.43314310274847356
60	30	2.0	connectivity	18	0.96	0.04	0.6636596662846644
60	30	2.0	effect_size	19	0.86	0.14	0.5792251370321747
60	30	2.0	stability	19	0.8	0.2	0.49716505497209273
60	30	2.0	connectivity	19	1.0	0.0	0.8077495928373123
60	30	2.0	effect_size	20	0.9	0.1	0.7169396356263397
60	30	2.0	stability	20	0.86	0.14	0.5706143990004543
60	30	2.0	connectivity	20	1.0	0.0	0.744483334773716
60	30	2.0	effect_size	21	0.58	0.42	0.6235821345323707
60	30	2.0	stability	21	0.64	0.36	0.45236677110757406
60	30	2.0	connectivity	21	0.62	0.38	0.557160193011711
60	30	2.0	effect_size	22	0.88	0.12	0.5645621782743205
60	30	2.0	stability	22	0.84	0.16	0.5126726595637165
60	30	2.0	connectivity	22	0.92	0.08	0.5941253646171678
60	30	2.0	effect_size	23	0.6	0.4	0.5903041324056505
60	30	2.0	stability	23	0.6	0.4	0.5160645446377113
60	30	2.0	connectivity	23	0.82	0.18	0.5252476610991791
60	30	2.0	effect_size	24	0.66	0.34	0.5313947110004384
60	30	2.0	stability	24	0.6	0.4	0.5123903155313726
60	30	2.0	connectivity	24	0.86	0.14	0.5827073763408345
60	30	2.0	effect_size	25	0.78	0.22	0.4651335560587959
60	30	2.0	stability	25	0.78	0.22	0.39228828673331506
60	30	2.0	connectivity	25	1.0	0.0	0.8077495928373121
60	30	2.0	effect_size	26	0.94	0.06	0.6457547676793166
60	30	2.0	stability	26	0.86	0.14	0.6160766259572238
60	30	2.0	connectivity	26	1.0	0.0	0.7872051655132237
60	30	2.0	effect_size	27	0.72	0.28	0.5396776755291935
60	30	2.0	stability	27	0.68	0.32	0.47456933730171125
60	30	2.0	connectivity	27	0.98	0.02	0.7653787027652726
60	30	2.0	effect_size	28	0.8	0.2	0.5767283886115133
60	30	2.0	stability	28	0.76	0.24	0.5552275253767791
60	30	2.0	connectivity	28	0.92	0.08	0.5846927711334491
60	30	2.0	effect_size	29	0.52	0.48	0.556398849986836
60	30	2.0	stability	29	0.58	0.42	0.5282375283308496
60	30	2.0	connectivity	29	0.86	0.14	0.5768300879629483
60	30	2.0	effect_size	30	0.56	0.44	0.5040345385172971
60	30	2.0	stability	30	0.74	0.26	0.4816556820233291
60	30	2.0	connectivity	30	0.92	0.08	0.6192997412242901
60	30	2.0	effect_size	31	0.4	0.6	0.725200573827108
60	30	2.0	stability	31	0.38	0.6	0.5270439034431571
60	30	2.0	connectivity	31	0.4	0.6	0.7244797167280171
60	30	2.0	effect_size	32	0.7	0.3	0.512168481727773
60	30	2.0	stability	32	0.68	0.3	0.452200446437212
60	30	2.0	connectivity	32	0.94	0.06	0.5904834337037727
60	30	2.0	effect_size	33	0.42	0.58	0.6309642724238177
60	30	2.0	stability	33	0.4	0.58	0.4678645359547857
60	30	2.0	connectivity	33	0.66	0.34	0.5145682406058185
60	30	2.0	effect_size	34	1.0	0.0	0.782013302733206
60	30	2.0	stability	34	0.98	0.02	0.740666986791137
60	30	2.0	connectivity	34	1.0	0.0	0.8198208549085743
60	30	2.0	effect_size	35	0.8	0.2	0.5571613959919807
60	30	2.0	stability	35	0.78	0.22	0.5405640753227794
60	30	2.0	connectivity	35	0.94	0.06	0.6971920560715414
60	30	2.0	effect_size	36	1.0	0.0	0.7761822378236295
60	30	2.0	stability	36	1.0	0.0	0.7700501253132832
60	30	2.0	connectivity	36	1.0	0.0	0.8185826519159852
60	30	2.0	effect_size	37	0.92	0.08	0.6415229885057471
60	30	2.0	stability	37	0.88	0.12	0.6448630177334586
60	30	2.0	connectivity	37	0.98	0.02	0.6698550134915834
60	30	2.0	effect_size	38	1.0	0.0	0.7349047907124132
60	30	2.0	stability	38	1.0	0.0	0.7027277575894882
60	30	2.0	connectivity	38	1.0	0.0	0.7702399939242045
60	30	2.0	effect_size	39	0.44	0.56	0.535017303916217
60	30	2.0	stability	39	0.42	0.58	0.4636453893404177
60	30	2.0	connectivity	39	0.46	0.54	0.498582444874005
100	30	3.3333333333333335	effect_size	0	0.6	0.4	0.5286863812279414
100	30	3.3333333333333335	stability	0	0.56	0.44	0.3366526106252133
100	30	3.3333333333333335	connectivity	0	1.0	0.0	0.5675072856404103
100	30	3.3333333333333335	effect_size	1	0.86	0.14	0.4800242987651018
100	30	3.3333333333333335	stability	1	0.9	0.1	0.32500965177220215
100	30	3.3333333333333335	connectivity	1	1.0	0.0	0.584095631805177
100	30	3.3333333333333335	effect_size	2	0.68	0.32	0.5046314503539843
100	30	3.3333333333333335	stability	2	0.68	0.32	0.49825479708791737
100	30	3.3333333333333335	connectivity	2	0.98	0.02	0.5357435941675072
100	30	3.3333333333333335	effect_size	3	0.92	0.08	0.5019546280173034
100	30	3.3333333333333335	stability	3	0.9	0.1	0.4789665908840397
100	30	3.3333333333333335	connectivity	3	1.0	0.0	0.5509779572279573
100	30	3.3333333333333335	effect_size	4	0.78	0.22	0.38044183191151965
100	30	3.3333333333333335	stability	4	0.78	0.22	0.3351153351153351
100	30	3.3333333333333335	connectivity	4	1.0	0.0	0.5667607855107856
100	30	3.3333333333333335	effect_size	5	0.92	0.08	0.5101324911827554
100	30	3.3333333333333335	stability	5	0.88	0.12	0.48552110290712736
100	30	3.3333333333333335	connectivity	5	1.0	0.0	0.5814364865399502
100	30	3.3333333333333335	effect_size	6	0.96	0.04	0.5632634987473697
100	30	3.3333333333333335	stability	6	0.98	0.02	0.5209109373517512
100	30	3.3333333333333335	connectivity	6	1.0	0.0	0.5382079286206989
100	30	3.3333333333333335	effect_size	7	1.0	0.0	0.6027561557145885
100	30	3.3333333333333335	stability	7	1.0	0.0	0.5596158714989962
100	30	3.3333333333333335	connectivity	7	1.0	0.0	0.6562845233764155
100	30	3.3333333333333335	effect_size	8	0.6	0.4	0.4421464230276208
100	30	3.3333333333333335	stability	8	0.66	0.34	0.32659224037606055
100	30	3.3333333333333335	connectivity	8	0.94	0.06	0.4960856517187764
100	30	3.3333333333333335	effect_size	9	0.4	0.6	0.48632962218114023
100	30	3.3333333333333335	stability	9	0.5	0.5	0.498377087184761
100	30	3.3333333333333335	connectivity	9	0.4	0.6	0.6187313954194763
100	30	3.3333333333333335	effect_size	10	0.5	0.5	0.5104671179543577
100	30	3.3333333333333335	stability	10	0.52	0.48	0.44399463429314173
100	30	3.3333333333333335	connectivity	10	1.0	0.0	0.5639186761443503
100	30	3.3333333333333335	effect_size	11	0.84	0.16	0.4645348164595013
100	30	3.3333333333333335	stability	11	0.88	0.12	0.4141890700686702
100	30	3.3333333333333335	connectivity	11	1.0	0.0	0.5604978730911944
100	30	3.3333333333333335	effect_size	12	0.54	0.46	0.4090632321371388
100	30	3.3333333333333335	stability	12	0.58	0.4	0.3654411647369394
100	30	3.3333333333333335	connectivity	12	0.94	0.06	0.41548110589452253
100	30	3.3333333333333335	effect_size	13	1.0	0.0	0.5201026607688153
100	30	3.3333333333333335	stability	13	1.0	0.0	0.530928907328161
100	30	3.3333333333333335	connectivity	13	1.0	0.0	0.596891073358551
100	30	3.3333333333333335	effect_size	14	0.92	0.08	0.41957651816806746
100	30	3.3333333333333335	stability	14	0.88	0.12	0.3961574343969379
100	30	3.3333333333333335	connectivity	14	1.0	0.0	0.5822354267218878
100	30	3.3333333333333335	effect_size	15	0.98	0.02	0.4455457122707089
100	30	3.3333333333333335	stability	15	0.94	0.06	0.413134883284137
100	30	3.3333333333333335	connectivity	15	1.0	0.0	0.6141631971550005
100	30	3.3333333333333335	effect_size	16	0.64	0.36	0.4513227155896163
100	30	3.3333333333333335	stability	16	0.74	0.26	0.4311330094534383
100	30	3.3333333333333335	connectivity	16	1.0	0.0	0.5602246315600206
100	30	3.3333333333333335	effect_size	17	0.88	0.12	0.48779346213371194
100	30	3.3333333333333335	stability	17	0.96	0.04	0.3844966592347243
100	30	3.3333333333333335	connectivity	17	1.0	0.0	0.6166306438483858
100	30	3.3333333333333335	effect_size	18	0.68	0.32	0.49492568427073813
100	30	3.3333333333333335	stability	18	0.72	0.28	0.43341674184065493
100	30	3.3333333333333335	connectivity	18	1.0	0.0	0.5351621417797888
100	30	3.3333333333333335	effect_size	19	0.46	0.54	0.5825056458752386
100	30	3.3333333333333335	stability	19	0.5	0.5	0.5319127840944162
100	30	3.3333333333333335	connectivity	19	1.0	0.0	0.5842170381765833
100	30	3.3333333333333335	effect_size	20	0.96	0.04	0.5056409404641072
100	30	3.3333333333333335	stability	20	0.92	0.08	0.4788787533758332
100	30	3.3333333333333335	connectivity	20	1.0	0.0	0.5285031984032239
100	30	3.3333333333333335	effect_size	21	0.64	0.36	0.4102378828452324
100	30	3.3333333333333335	stability	21	0.66	0.32	0.35409898918270305
100	30	3.3333333333333335	connectivity	21	1.0	0.0	0.4820064866825946
100	30	3.3333333333333335	effect_size	22	0.72	0.28	0.44423423393921574
100	30	3.3333333333333335	stability	22	0.7	0.3	0.48020927950505415
100	30	3.3333333333333335	connectivity	22	1.0	0.0	0.5302995107722648
100	30	3.3333333333333335	effect_size	23	1.0	0.0	0.5590027132365841
100	30	3.3333333333333335	stability	23	1.0	0.0	0.5085312971342383
100	30	3.3333333333333335	connectivity	23	1.0	0.0	0.5966621863799283
100	30	3.3333333333333335	effect_size	24	0.82	0.18	0.4161485588577552
100	30	3.3333333333333335	stability	24	0.76	0.24	0.3718729639358165
100	30	3.3333333333333335	connectivity	24	1.0	0.0	0.5521136691539799
100	30	3.3333333333333335	effect_size	25	0.44	0.56	0.46579178557936346
100	30	3.3333333333333335	stability	25	0.48	0.52	0.3503339522613058
100	30	3.3333333333333335	connectivity	25	0.96	0.04	0.3776054662581374
100	30	3.3333333333333335	effect_size	26	0.64	0.36	0.4992107591043598
100	30	3.3333333333333335	stability	26	0.58	0.42	0.4438205474641482
100	30	3.3333333333333335	connectivity	26	1.0	0.0	0.6093362215618958
100	30	3.3333333333333335	effect_size	27	0.94	0.06	0.4719045451729225
100	30	3.3333333333333335	stability	27	0.98	0.02	0.4508883673291811
100	30	3.3333333333333335	connectivity	27	1.0	0.0	0.5639186761443503
100	30	3.3333333333333335	effect_size	28	1.0	0.0	0.5340324163853576
100	30	3.3333333333333335	stability	28	1.0	0.0	0.47329616958772974
100	30	3.3333333333333335	connectivity	28	1.0	0.0	0.5797015044271786
100	30	3.3333333333333335	effect_size	29	0.86	0.14	0.5181750759821137
100	30	3.3333333333333335	stability	29	0.9	0.1	0.42502166189591223
100	30	3.3333333333333335	connectivity	29	1.0	0.0	0.5688369744700991
100	30	3.3333333333333335	effect_size	30	0.5	0.5	0.5570156337825346
100	30	3.3333333333333335	stability	30	0.54	0.46	0.5201026607688153
100	30	3.3333333333333335	connectivity	30	0.88	0.12	0.5323882022882277
100	30	3.3333333333333335	effect_size	31	0.46	0.54	0.6148648848270271
100	30	3.3333333333333335	stability	31	0.44	0.5	0.42561106908572777
100	30	3.3333333333333335	connectivity	31	0.98	0.02	0.48988796475269164
100	30	3.3333333333333335	effect_size	32	0.52	0.48	0.4939007088820157
100	30	3.3333333333333335	stability	32	0.52	0.48	0.3489359455139242
100	30	3.3333333333333335	connectivity	32	0.98	0.02	0.5137422634056851
100	30	3.3333333333333335	effect_size	33	0.9	0.1	0.5151265693303018
100	30	3.3333333333333335	stability	33	0.84	0.16	0.492732197661097
100	30	3.3333333333333335	connectivity	33	1.0	0.0	0.6003756480851933
100	30	3.3333333333333335	effect_size	34	0.64	0.36	0.5299329470839576
100	30	3.3333333333333335	stability	34	0.6	0.4	0.5084105071329276
100	30	3.3333333333333335	connectivity	34	0.5	0.5	0.49365699837247146
100	30	3.3333333333333335	effect_size	35	0.52	0.48	0.5151598822001929
100	30	3.3333333333333335	stability	35	0.58	0.38	0.3073808225935723
100	30	3.3333333333333335	connectivity	35	0.84	0.16	0.4177132500704006
100	30	3.3333333333333335	effect_size	36	1.0	0.0	0.5851289262459219
100	30	3.3333333333333335	stability	36	1.0	0.0	0.5800772860529603
100	30	3.3333333333333335	connectivity	36	1.0	0.0	0.5203294849640329
100	30	3.3333333333333335	effect_size	37	0.72	0.28	0.49641720098260916
100	30	3.3333333333333335	stability	37	0.7	0.3	0.45689619131234577
100	30	3.3333333333333335	connectivity	37	1.0	0.0	0.5685164748597962
100	30	3.3333333333333335	effect_size	38	0.6	0.4	0.4514120389473171
100	30	3.3333333333333335	stability	38	0.6	0.4	0.4068697944008632
100	30	3.3333333333333335	connectivity	38	0.98	0.02	0.5474694531025778
100	30	3.3333333333333335	effect_size	39	0.74	0.26	0.5063649526565128
100	30	3.3333333333333335	stability	39	0.68	0.32	0.4419843663288255
100	30	3.3333333333333335	connectivity	39	1.0	0.0	0.5968910733585508
200	20	10.0	effect_size	0	1.0	0.0	0.41200274086429983
200	20	10.0	stability	0	1.0	0.0	0.3959494692178465
200	20	10.0	connectivity	0	1.0	0.0	0.38886483515639525
200	20	10.0	effect_size	1	0.98	0.02	0.3283526046683941
200	20	10.0	stability	1	0.98	0.02	0.2913635801062701
200	20	10.0	connectivity	1	1.0	0.0	0.36804114201374477
200	20	10.0	effect_size	2	0.98	0.02	0.4238851874520723
200	20	10.0	stability	2	0.92	0.08	0.3495681488639235
200	20	10.0	connectivity	2	1.0	0.0	0.37844188019996006
200	20	10.0	effect_size	3	0.6	0.4	0.5044194690540169
200	20	10.0	stability	3	0.46	0.4	0.3827219559903334
200	20	10.0	connectivity	3	0.82	0.18	0.2702342826611832
200	20	10.0	effect_size	4	0.92	0.08	0.38776603146784533
200	20	10.0	stability	4	0.86	0.14	0.31715301641401134
200	20	10.0	connectivity	4	1.0	0.0	0.40973400314742486
200	20	10.0	effect_size	5	0.98	0.02	0.3879563845363369
200	20	10.0	stability	5	0.96	0.04	0.2826056731971307
200	20	10.0	connectivity	5	1.0	0.0	0.3345368838326585
200	20	10.0	effect_size	6	0.98	0.02	0.3687593945335368
200	20	10.0	stability	6	1.0	0.0	0.34023894216629574
200	20	10.0	connectivity	6	1.0	0.0	0.40908361562200773
200	20	10.0	effect_size	7	0.88	0.12	0.27417174086693413
200	20	10.0	stability	7	0.92	0.08	0.25428213396260163
200	20	10.0	connectivity	7	1.0	0.0	0.3919691145764641
200	20	10.0	effect_size	8	0.98	0.02	0.4130166825766201
200	20	10.0	stability	8	0.96	0.04	0.3812332598420809
200	20	10.0	connectivity	8	1.0	0.0	0.3617848857574885
200	20	10.0	effect_size	9	0.98	0.02	0.40694032744968495
200	20	10.0	stability	9	0.88	0.12	0.3868219549122047
200	20	10.0	connectivity	9	1.0	0.0	0.39994797826840706
200	20	10.0	effect_size	10	1.0	0.0	0.373645171590377
200	20	10.0	stability	10	0.98	0.02	0.3285139051180868
200	20	10.0	connectivity	10	1.0	0.0	0.4647592387318415
200	20	10.0	effect_size	11	1.0	0.0	0.402779069219883
200	20	10.0	stability	11	1.0	0.0	0.41525999358042237
200	20	10.0	connectivity	11	1.0	0.0	0.40711875558422866
200	20	10.0	effect_size	12	0.76	0.24	0.3213216910121675
200	20	10.0	stability	12	0.78	0.22	0.21485652248949338
200	20	10.0	connectivity	12	1.0	0.0	0.3805607038290812
200	20	10.0	effect_size	13	0.66	0.34	0.39860432227865433
200	20	10.0	stability	13	0.66	0.32	0.3049005088478773
200	20	10.0	connectivity	13	1.0	0.0	0.4366570443373668
200	20	10.0	effect_size	14	1.0	0.0	0.3773822752695992
200	20	10.0	stability	14	0.92	0.08	0.34347319305735996
200	20	10.0	connectivity	14	1.0	0.0	0.37398149753826715
200	20	10.0	effect_size	15	0.86	0.14	0.30118408659097234
200	20	10.0	stability	15	0.92	0.08	0.300094685178399
200	20	10.0	connectivity	15	1.0	0.0	0.39869518927787956
200	20	10.0	effect_size	16	1.0	0.0	0.4311330094534383
200	20	10.0	stability	16	1.0	0.0	0.34590519413879184
200	20	10.0	connectivity	16	1.0	0.0	0.4158222832083076
200	20	10.0	effect_size	17	1.0	0.0	0.4267426083913242
200	20	10.0	stability	17	1.0	0.0	0.3844820629717655
200	20	10.0	connectivity	17	1.0	0.0	0.43979509612064005
200	20	10.0	effect_size	18	0.94	0.06	0.3225943222239224
200	20	10.0	stability	18	0.94	0.06	0.2796979373428407
200	20	10.0	connectivity	18	1.0	0.0	0.38899338899338903
200	20	10.0	effect_size	19	0.82	0.18	0.3470542460268488
200	20	10.0	stability	19	0.82	0.18	0.31122511784262397
200	20	10.0	connectivity	19	1.0	0.0	0.3927863682286587
200	20	10.0	effect_size	20	0.76	0.24	0.3966236640551218
200	20	10.0	stability	20	0.8	0.2	0.37727085271314315
200	20	10.0	connectivity	20	1.0	0.0	0.35535248125243757
200	20	10.0	effect_size	21	0.66	0.34	0.4799099262014863
200	20	10.0	stability	21	0.7	0.3	0.39259601516016723
200	20	10.0	connectivity	21	1.0	0.0	0.4299604546985198
200	20	10.0	effect_size	22	0.92	0.08	0.3506844033159822
200	20	10.0	stability	22	1.0	0.0	0.3190173979647664
200	20	10.0	connectivity	22	1.0	0.0	0.42080927445287525
200	20	10.0	effect_size	23	0.94	0.06	0.3481064015961041
200	20	10.0	stability	23	0.98	0.02	0.2560084324989474
200	20	10.0	connectivity	23	1.0	0.0	0.41067090108010823
200	20	10.0	effect_size	24	1.0	0.0	0.4360604757654576
200	20	10.0	stability	24	1.0	0.0	0.35151589946110495
200	20	10.0	connectivity	24	1.0	0.0	0.40211257397250066
200	20	10.0	effect_size	25	1.0	0.0	0.4261819360755368
200	20	10.0	stability	25	1.0	0.0	0.39641949871253024
200	20	10.0	connectivity	25	1.0	0.0	0.38842163265839824
200	20	10.0	effect_size	26	0.8	0.2	0.4517769803501471
200	20	10.0	stability	26	0.84	0.16	0.38661238602727915
200	20	10.0	connectivity	26	1.0	0.0	0.3895107381022875
200	20	10.0	effect_size	27	0.94	0.06	0.3516527934657783
200	20	10.0	stability	27	1.0	0.0	0.2828788248068744
200	20	10.0	connectivity	27	1.0	0.0	0.44913147770464446
200	20	10.0	effect_size	28	1.0	0.0	0.403027095032066
200	20	10.0	stability	28	1.0	0.0	0.38297925554340756
200	20	10.0	connectivity	28	1.0	0.0	0.47119599915229055
200	20	10.0	effect_size	29	0.86	0.14	0.42180825416540474
200	20	10.0	stability	29	0.9	0.1	0.32174390940366626
200	20	10.0	connectivity	29	1.0	0.0	0.4053233074972205
200	20	10.0	effect_size	30	1.0	0.0	0.3937236764297696
200	20	10.0	stability	30	1.0	0.0	0.395031944327719
200	20	10.0	connectivity	30	1.0	0.0	0.4123584804487302
200	20	10.0	effect_size	31	0.9	0.1	0.3865230626695784
200	20	10.0	stability	31	0.82	0.18	0.32693725859151807
200	20	10.0	connectivity	31	1.0	0.0	0.4168652153348979
200	20	10.0	effect_size	32	0.94	0.06	0.3556206582522372
200	20	10.0	stability	32	0.82	0.18	0.3053648380097414
200	20	10.0	connectivity	32	1.0	0.0	0.4543311447445613
200	20	10.0	effect_size	33	0.96	0.04	0.33879954715163835
200	20	10.0	stability	33	0.94	0.06	0.29387367203822895
200	20	10.0	connectivity	33	1.0	0.0	0.4293373510712016
200	20	10.0	effect_size	34	0.6	0.4	0.41994079634005005
200	20	10.0	stability	34	0.54	0.4	0.31464506788821095
200	20	10.0	connectivity	34	1.0	0.0	0.2500647506256048
200	20	10.0	effect_size	35	1.0	0.0	0.4047206810364705
200	20	10.0	stability	35	0.98	0.02	0.4314232546916321
200	20	10.0	connectivity	35	1.0	0.0	0.43632577903918485
200	20	10.0	effect_size	36	1.0	0.0	0.416086416742456
200	20	10.0	stability	36	1.0	0.0	0.3572140093879224
200	20	10.0	connectivity	36	1.0	0.0	0.38173123537483605
200	20	10.0	effect_size	37	1.0	0.0	0.40314262340678625
200	20	10.0	stability	37	1.0	0.0	0.36527318854156593
200	20	10.0	connectivity	37	1.0	0.0	0.3350941607057248
200	20	10.0	effect_size	38	0.92	0.08	0.2954191357862329
200	20	10.0	stability	38	0.88	0.12	0.27549767815813103
200	20	10.0	connectivity	38	1.0	0.0	0.4310309155619792
200	20	10.0	effect_size	39	0.78	0.22	0.2766480542877046
200	20	10.0	stability	39	0.82	0.18	0.2669586695983199
200	20	10.0	connectivity	39	1.0	0.0	0.3961319440771495
300	20	15.0	effect_size	0	0.92	0.08	0.31296978311903684
300	20	15.0	stability	0	0.82	0.18	0.1963456252681727
300	20	15.0	connectivity	0	1.0	0.0	0.3485480270009762
300	20	15.0	effect_size	1	1.0	0.0	0.3301126593809521
300	20	15.0	stability	1	1.0	0.0	0.3292829883393049
300	20	15.0	connectivity	1	1.0	0.0	0.33245868286422
300	20	15.0	effect_size	2	1.0	0.0	0.2698376146973649
300	20	15.0	stability	2	0.92	0.08	0.23028474155566958
300	20	15.0	connectivity	2	1.0	0.0	0.3084266865912435
300	20	15.0	effect_size	3	0.98	0.02	0.2971749285040424
300	20	15.0	stability	3	0.86	0.14	0.2294148699980345
300	20	15.0	connectivity	3	1.0	0.0	0.3511246986952949
300	20	15.0	effect_size	4	0.96	0.04	0.31024238918975766
300	20	15.0	stability	4	0.92	0.08	0.25283497822175743
300	20	15.0	connectivity	4	1.0	0.0	0.3072211628052449
300	20	15.0	effect_size	5	1.0	0.0	0.37522503428135084
300	20	15.0	stability	5	1.0	0.0	0.3046193572509362
300	20	15.0	connectivity	5	1.0	0.0	0.34978070018623725
300	20	15.0	effect_size	6	0.96	0.04	0.3007940539586109
300	20	15.0	stability	6	0.94	0.06	0.28608762168502827
300	20	15.0	connectivity	6	1.0	0.0	0.3610324582734384
300	20	15.0	effect_size	7	1.0	0.0	0.3313341587597107
300	20	15.0	stability	7	1.0	0.0	0.286672025947694
300	20	15.0	connectivity	7	1.0	0.0	0.3727821925156131
300	20	15.0	effect_size	8	0.94	0.06	0.3144341695260801
300	20	15.0	stability	8	0.9	0.1	0.26681538997469384
300	20	15.0	connectivity	8	1.0	0.0	0.3281056020782048
300	20	15.0	effect_size	9	1.0	0.0	0.32306589867746277
300	20	15.0	stability	9	1.0	0.0	0.26828096518153277
300	20	15.0	connectivity	9	1.0	0.0	0.3664789137611178
300	20	15.0	effect_size	10	1.0	0.0	0.3203530057251118
300	20	15.0	stability	10	1.0	0.0	0.3143780136390086
300	20	15.0	connectivity	10	1.0	0.0	0.33104190530290023
300	20	15.0	effect_size	11	0.94	0.06	0.336813911074906
300	20	15.0	stability	11	0.96	0.04	0.29130765558332367
300	20	15.0	connectivity	11	1.0	0.0	0.3659223183846236
300	20	15.0	effect_size	12	0.96	0.04	0.27058726321953813
300	20	15.0	stability	12	0.88	0.12	0.2227075444559832
300	20	15.0	connectivity	12	1.0	0.0	0.3508324452384845
300	20	15.0	effect_size	13	1.0	0.0	0.33702491144427515
300	20	15.0	stability	13	1.0	0.0	0.302379855832805
300	20	15.0	connectivity	13	1.0	0.0	0.3247997586013868
300	20	15.0	effect_size	14	1.0	0.0	0.34922514717035263
300	20	15.0	stability	14	0.98	0.02	0.32838498294391555
300	20	15.0	connectivity	14	1.0	0.0	0.2964294477452372
300	20	15.0	effect_size	15	0.98	0.02	0.3183019907570693
300	20	15.0	stability	15	0.94	0.06	0.26470830140944374
300	20	15.0	connectivity	15	1.0	0.0	0.3124888944295725
300	20	15.0	effect_size	16	1.0	0.0	0.3384245871397254
300	20	15.0	stability	16	0.96	0.04	0.3224474474474474
300	20	15.0	connectivity	16	1.0	0.0	0.34555226984804444
300	20	15.0	effect_size	17	0.98	0.02	0.3313089595521026
300	20	15.0	stability	17	0.92	0.08	0.3093058193895332
300	20	15.0	connectivity	17	1.0	0.0	0.3528344514260007
300	20	15.0	effect_size	18	0.92	0.08	0.2971355858782759
300	20	15.0	stability	18	0.94	0.06	0.2355302306198522
300	20	15.0	connectivity	18	1.0	0.0	0.33655843979933525
300	20	15.0	effect_size	19	0.92	0.08	0.2746215231595348
300	20	15.0	stability	19	0.84	0.16	0.24027232586973246
300	20	15.0	connectivity	19	1.0	0.0	0.31110361373519263
300	20	15.0	effect_size	20	0.74	0.26	0.3579074504607673
300	20	15.0	stability	20	0.82	0.18	0.2075597245497314
300	20	15.0	connectivity	20	1.0	0.0	0.26637190696336455
300	20	15.0	effect_size	21	0.96	0.04	0.33194070694070693
300	20	15.0	stability	21	0.9	0.1	0.29670546044815055
300	20	15.0	connectivity	21	1.0	0.0	0.32571112682088926
300	20	15.0	effect_size	22	1.0	0.0	0.28565096627585485
300	20	15.0	stability	22	1.0	0.0	0.3107655639301209
300	20	15.0	connectivity	22	1.0	0.0	0.31233892661459467
300	20	15.0	effect_size	23	1.0	0.0	0.35005944865099786
300	20	15.0	stability	23	1.0	0.0	0.3139127655169472
300	20	15.0	connectivity	23	1.0	0.0	0.32912812707333255
300	20	15.0	effect_size	24	1.0	0.0	0.33810766487021526
300	20	15.0	stability	24	0.98	0.02	0.2457469392909
300	20	15.0	connectivity	24	1.0	0.0	0.3664439598573816
300	20	15.0	effect_size	25	0.86	0.14	0.2940766583523264
300	20	15.0	stability	25	0.82	0.18	0.26886575814142616
300	20	15.0	connectivity	25	1.0	0.0	0.2799796442553123
300	20	15.0	effect_size	26	0.96	0.04	0.3013738575695038
300	20	15.0	stability	26	0.96	0.04	0.19656645553667293
300	20	15.0	connectivity	26	1.0	0.0	0.357506630287463
300	20	15.0	effect_size	27	1.0	0.0	0.340965965965966
300	20	15.0	stability	27	0.96	0.04	0.2932945727749192
300	20	15.0	connectivity	27	1.0	0.0	0.3481131196498744
300	20	15.0	effect_size	28	0.94	0.06	0.28772631182269737
300	20	15.0	stability	28	0.8	0.2	0.2310893480144126
300	20	15.0	connectivity	28	1.0	0.0	0.2931512931512931
300	20	15.0	effect_size	29	1.0	0.0	0.30083212644369056
300	20	15.0	stability	29	1.0	0.0	0.2807260439743148
300	20	15.0	connectivity	29	1.0	0.0	0.3403741909509754
300	20	15.0	effect_size	30	0.9	0.1	0.3552334188068351
300	20	15.0	stability	30	0.82	0.18	0.2782380760957292
300	20	15.0	connectivity	30	1.0	0.0	0.398084010584509
300	20	15.0	effect_size	31	0.64	0.36	0.4760545188945864
300	20	15.0	stability	31	0.64	0.36	0.42853622195385305
300	20	15.0	connectivity	31	1.0	0.0	0.25566757421153496
300	20	15.0	effect_size	32	0.92	0.08	0.33360317701659875
300	20	15.0	stability	32	0.94	0.06	0.21869917800204688
300	20	15.0	connectivity	32	1.0	0.0	0.32780165440583603
300	20	15.0	effect_size	33	1.0	0.0	0.3425522211162885
300	20	15.0	stability	33	1.0	0.0	0.23285210835897574
300	20	15.0	connectivity	33	1.0	0.0	0.3271168025223396
300	20	15.0	effect_size	34	1.0	0.0	0.33178573310152254
300	20	15.0	stability	34	0.98	0.02	0.27969252969252967
300	20	15.0	connectivity	34	1.0	0.0	0.3599308145650592
300	20	15.0	effect_size	35	0.94	0.06	0.31259471707506353
300	20	15.0	stability	35	0.88	0.12	0.27448879008024757
300	20	15.0	connectivity	35	1.0	0.0	0.3578511821121771
300	20	15.0	effect_size	36	0.96	0.04	0.29651505943860923
300	20	15.0	stability	36	0.96	0.04	0.26144710110954833
300	20	15.0	connectivity	36	1.0	0.0	0.369876850826885
300	20	15.0	effect_size	37	1.0	0.0	0.3036556600611124
300	20	15.0	stability	37	1.0	0.0	0.2632532727469436
300	20	15.0	connectivity	37	1.0	0.0	0.34667134667134664
300	20	15.0	effect_size	38	0.76	0.24	0.32369901042168564
300	20	15.0	stability	38	0.72	0.24	0.24054221890689712
300	20	15.0	connectivity	38	1.0	0.0	0.34920634920634913
300	20	15.0	effect_size	39	0.94	0.06	0.329612264984371
300	20	15.0	stability	39	0.98	0.02	0.2914645414645414
300	20	15.0	connectivity	39	1.0	0.0	0.3052024685664508
100	100	1.0	effect_size	0	0.7	0.3	0.37051682596019736
100	100	1.0	stability	0	0.78	0.22	0.3142883267196041
100	100	1.0	connectivity	0	0.16	0.84	0.37191953614164186
100	100	1.0	effect_size	1	1.0	0.0	0.5257673370335864
100	100	1.0	stability	1	1.0	0.0	0.5119626526288071
100	100	1.0	connectivity	1	1.0	0.0	0.592757475474953
100	100	1.0	effect_size	2	0.04	0.96	0.5847466771236879
100	100	1.0	stability	2	0.08	0.92	0.45062465714639627
100	100	1.0	connectivity	2	0.0	1.0	0.5626271876271877
100	100	1.0	effect_size	3	0.7	0.3	0.3920879160605188
100	100	1.0	stability	3	0.7	0.3	0.36537945978549907
100	100	1.0	connectivity	3	0.0	1.0	0.5639013045423615
100	100	1.0	effect_size	4	0.78	0.22	0.362289187900752
100	100	1.0	stability	4	0.74	0.26	0.3498296501180423
100	100	1.0	connectivity	4	0.38	0.62	0.3710865735488788
100	100	1.0	effect_size	5	0.18	0.82	0.3736971969655743
100	100	1.0	stability	5	0.28	0.72	0.3781256059110831
100	100	1.0	connectivity	5	0.0	1.0	0.604642587836004
100	100	1.0	effect_size	6	0.14	0.86	0.3042438802389145
100	100	1.0	stability	6	0.4	0.6	0.22550255375083103
100	100	1.0	connectivity	6	0.0	1.0	0.5591299008637718
100	100	1.0	effect_size	7	0.98	0.02	0.5051005580097653
100	100	1.0	stability	7	0.94	0.06	0.4637975025614831
100	100	1.0	connectivity	7	0.26	0.74	0.42214441872437103
100	100	1.0	effect_size	8	0.02	0.98	0.5281212625374171
100	100	1.0	stability	8	0.08	0.92	0.4329145457729959
100	100	1.0	connectivity	8	0.0	1.0	0.5507293632293632
100	100	1.0	effect_size	9	0.94	0.06	0.4622236592806817
100	100	1.0	stability	9	0.92	0.08	0.43157174513442054
100	100	1.0	connectivity	9	0.86	0.14	0.43266759934939847
100	100	1.0	effect_size	10	1.0	0.0	0.5242045527777196
100	100	1.0	stability	10	0.98	0.02	0.46096111793721506
100	100	1.0	connectivity	10	0.68	0.32	0.31926197180155563
100	100	1.0	effect_size	11	0.0	1.0	0.4259636162621237
100	100	1.0	stability	11	0.04	0.96	0.40611108302306115
100	100	1.0	connectivity	11	0.0	1.0	0.5549843674843675
100	100	1.0	effect_size	12	1.0	0.0	0.6177232064163581
100	100	1.0	stability	12	1.0	0.0	0.5771695467891395
100	100	1.0	connectivity	12	1.0	0.0	0.3517285127712244
100	100	1.0	effect_size	13	1.0	0.0	0.5819583220697181
100	100	1.0	stability	13	1.0	0.0	0.5467171717171717
100	100	1.0	connectivity	13	1.0	0.0	0.5354444410775657
100	100	1.0	effect_size	14	0.2	0.8	0.3867437172894919
100	100	1.0	stability	14	0.28	0.7	0.30780338341494756
100	100	1.0	connectivity	14	0.02	0.98	0.43216275025300005
100	100	1.0	effect_size	15	0.48	0.52	0.24365611532031103
100	100	1.0	stability	15	0.5	0.5	0.26018027653815073
100	100	1.0	connectivity	15	0.0	1.0	0.580732463449941
100	100	1.0	effect_size	16	0.04	0.96	0.44960689589845604
100	100	1.0	stability	16	0.12	0.88	0.3910062823649096
100	100	1.0	connectivity	16	0.0	1.0	0.5760523825039954
100	100	1.0	effect_size	17	1.0	0.0	0.5893308080808081
100	100	1.0	stability	17	1.0	0.0	0.5209109373517512
100	100	1.0	connectivity	17	0.82	0.18	0.38984001474735347
100	100	1.0	effect_size	18	0.42	0.58	0.32264415489104276
100	100	1.0	stability	18	0.36	0.64	0.2746166365298326
100	100	1.0	connectivity	18	0.28	0.72	0.3978354412530724
100	100	1.0	effect_size	19	1.0	0.0	0.5156379060506763
100	100	1.0	stability	19	0.96	0.04	0.49365699837247146
100	100	1.0	connectivity	19	0.86	0.14	0.40362082006163386
100	100	1.0	effect_size	20	0.98	0.02	0.5369298786637496
100	100	1.0	stability	20	0.96	0.04	0.46984846363374183
100	100	1.0	connectivity	20	0.32	0.68	0.3114778146423716
100	100	1.0	effect_size	21	0.34	0.66	0.34389567859833897
100	100	1.0	stability	21	0.38	0.62	0.30473321268432585
100	100	1.0	connectivity	21	0.12	0.88	0.3800988302179487
100	100	1.0	effect_size	22	0.8	0.2	0.30579733989722085
100	100	1.0	stability	22	0.82	0.18	0.32458806417483715
100	100	1.0	connectivity	22	0.58	0.42	0.27535530050077917
100	100	1.0	effect_size	23	0.86	0.14	0.3362232059524171
100	100	1.0	stability	23	0.84	0.16	0.364187067361031
100	100	1.0	connectivity	23	0.4	0.6	0.271929278657903
100	100	1.0	effect_size	24	0.1	0.9	0.4494506326558083
100	100	1.0	stability	24	0.12	0.88	0.3887665350623046
100	100	1.0	connectivity	24	0.0	1.0	0.5907789958824595
100	100	1.0	effect_size	25	0.74	0.26	0.3553483270975531
100	100	1.0	stability	25	0.78	0.22	0.3937404371580682
100	100	1.0	connectivity	25	0.04	0.96	0.32058602833565997
100	100	1.0	effect_size	26	0.24	0.76	0.33326854396382194
100	100	1.0	stability	26	0.24	0.76	0.26969433507373886
100	100	1.0	connectivity	26	0.0	1.0	0.529321420351066
100	100	1.0	effect_size	27	0.86	0.14	0.3329409168265838
100	100	1.0	stability	27	0.84	0.16	0.23860787337708436
100	100	1.0	connectivity	27	0.54	0.46	0.25433944372918865
100	100	1.0	effect_size	28	0.04	0.96	0.5330560138303325
100	100	1.0	stability	28	0.1	0.9	0.4026757549687865
100	100	1.0	connectivity	28	0.0	1.0	0.5758165005421748
100	100	1.0	effect_size	29	0.18	0.82	0.44757138439822786
100	100	1.0	stability	29	0.22	0.78	0.450490490195472
100	100	1.0	connectivity	29	0.1	0.9	0.42384435051534347
100	100	1.0	effect_size	30	0.84	0.16	0.4105654077959134
100	100	1.0	stability	30	0.84	0.16	0.3836273097738256
100	100	1.0	connectivity	30	0.02	0.98	0.5354107357783828
100	100	1.0	effect_size	31	0.54	0.46	0.23625858537061153
100	100	1.0	stability	31	0.58	0.42	0.2178923211053969
100	100	1.0	connectivity	31	0.0	1.0	0.5243471125824067
100	100	1.0	effect_size	32	1.0	0.0	0.5197544302021914
100	100	1.0	stability	32	1.0	0.0	0.5236231003900012
100	100	1.0	connectivity	32	1.0	0.0	0.6191318245778378
100	100	1.0	effect_size	33	0.76	0.24	0.3561293262143899
100	100	1.0	stability	33	0.88	0.12	0.3741729244613166
100	100	1.0	connectivity	33	0.18	0.82	0.26439867096959524
100	100	1.0	effect_size	34	0.9	0.1	0.4499905917587868
100	100	1.0	stability	34	0.82	0.18	0.3770593252350414
100	100	1.0	connectivity	34	0.04	0.96	0.396872284818461
100	100	1.0	effect_size	35	0.98	0.02	0.400606488841783
100	100	1.0	stability	35	1.0	0.0	0.4101715418638323
100	100	1.0	connectivity	35	1.0	0.0	0.3766112572891686
100	100	1.0	effect_size	36	0.54	0.46	0.40881948208785945
100	100	1.0	stability	36	0.48	0.52	0.32569077729495893
100	100	1.0	connectivity	36	0.02	0.98	0.4276077833139004
100	100	1.0	effect_size	37	0.8	0.2	0.2633801253175018
100	100	1.0	stability	37	0.72	0.28	0.2476740443121294
100	100	1.0	connectivity	37	0.4	0.6	0.25901458789657017
100	100	1.0	effect_size	38	0.2	0.8	0.3212268948248883
100	100	1.0	stability	38	0.3	0.7	0.32086657403113095
100	100	1.0	connectivity	38	0.02	0.98	0.4493933819591714
100	100	1.0	effect_size	39	0.2	0.8	0.3030965589105124
100	100	1.0	stability	39	0.32	0.68	0.28615125212221404
100	100	1.0	connectivity	39	0.0	1.0	0.5380388266417678
20	200	0.1	effect_size	0	0.2	0.8	0.3288178527904555
20	200	0.1	stability	0	0.2	0.8	0.3591256615859932
20	200	0.1	connectivity	0	0.0	1.0	0.3821843787643311
20	200	0.1	effect_size	1	0.36	0.64	0.42730952590107524
20	200	0.1	stability	1	0.38	0.62	0.36849584393813434
20	200	0.1	connectivity	1	0.0	1.0	0.45056211112478134
20	200	0.1	effect_size	2	0.0	1.0	0.36817956964925735
20	200	0.1	stability	2	0.08	0.92	0.35601287998548276
20	200	0.1	connectivity	2	0.0	1.0	0.4396126212613371
20	200	0.1	effect_size	3	0.4	0.6	0.42670015214244256
20	200	0.1	stability	3	0.36	0.64	0.40043646782670167
20	200	0.1	connectivity	3	0.0	1.0	0.40022894376148405
20	200	0.1	effect_size	4	0.0	1.0	0.4486204979162725
20	200	0.1	stability	4	0.0	1.0	0.38942503596179073
20	200	0.1	connectivity	4	0.0	1.0	0.3657398435253207
20	200	0.1	effect_size	5	0.4	0.6	0.4605549024337973
20	200	0.1	stability	5	0.34	0.66	0.3197968229613799
20	200	0.1	connectivity	5	0.0	1.0	0.3742575527472552
20	200	0.1	effect_size	6	0.0	1.0	0.40622790046466606
20	200	0.1	stability	6	0.0	1.0	0.3619387368460756
20	200	0.1	connectivity	6	0.0	1.0	0.41618766177499644
20	200	0.1	effect_size	7	0.3	0.7	0.43260982014088883
20	200	0.1	stability	7	0.32	0.68	0.4363652013975645
20	200	0.1	connectivity	7	0.0	1.0	0.3858011792188103
20	200	0.1	effect_size	8	0.02	0.98	0.37999075120433407
20	200	0.1	stability	8	0.04	0.96	0.3577721557173612
20	200	0.1	connectivity	8	0.0	1.0	0.3993144227019185
20	200	0.1	effect_size	9	0.04	0.96	0.37077132022743725
20	200	0.1	stability	9	0.12	0.88	0.3391853864675905
20	200	0.1	connectivity	9	0.0	1.0	0.41246049078091956
20	200	0.1	effect_size	10	0.4	0.6	0.4929858454880404
20	200	0.1	stability	10	0.38	0.62	0.48356810589127264
20	200	0.1	connectivity	10	0.0	1.0	0.39065516010018847
20	200	0.1	effect_size	11	0.4	0.6	0.5359304117127901
20	200	0.1	stability	11	0.4	0.6	0.4954833767241797
20	200	0.1	connectivity	11	0.0	1.0	0.3783412540699631
20	200	0.1	effect_size	12	0.0	1.0	0.39385969820752426
20	200	0.1	stability	12	0.0	1.0	0.37629067423587975
20	200	0.1	connectivity	12	0.0	1.0	0.37798129565571226
20	200	0.1	effect_size	13	0.0	1.0	0.4525500602697479
20	200	0.1	stability	13	0.0	1.0	0.41995049239277765
20	200	0.1	connectivity	13	0.0	1.0	0.38415527785709175
20	200	0.1	effect_size	14	0.38	0.62	0.4603380143098969
20	200	0.1	stability	14	0.36	0.64	0.4816736282934702
20	200	0.1	connectivity	14	0.0	1.0	0.4337029532628907
20	200	0.1	effect_size	15	0.08	0.92	0.38325091273125916
20	200	0.1	stability	15	0.04	0.96	0.3720172741911872
20	200	0.1	connectivity	15	0.0	1.0	0.4401835352401277
20	200	0.1	effect_size	16	0.24	0.76	0.33796348394475056
20	200	0.1	stability	16	0.2	0.8	0.2907919313833889
20	200	0.1	connectivity	16	0.0	1.0	0.4016040493652972
20	200	0.1	effect_size	17	0.4	0.6	0.5058172055679774
20	200	0.1	stability	17	0.4	0.6	0.4579177035050382
20	200	0.1	connectivity	17	0.0	1.0	0.4584049039964482
20	200	0.1	effect_size	18	0.02	0.98	0.39709882635399124
20	200	0.1	stability	18	0.06	0.94	0.38503240792814974
20	200	0.1	connectivity	18	0.0	1.0	0.36805451792707694
20	200	0.1	effect_size	19	0.08	0.92	0.36173760585946235
20	200	0.1	stability	19	0.02	0.98	0.34200617078229184
20	200	0.1	connectivity	19	0.0	1.0	0.4065211266703804
20	200	0.1	effect_size	20	0.4	0.6	0.4688771294397997
20	200	0.1	stability	20	0.4	0.6	0.3516838756564784
20	200	0.1	connectivity	20	0.0	1.0	0.4718671196283674
20	200	0.1	effect_size	21	0.38	0.62	0.4223345499507534
20	200	0.1	stability	21	0.38	0.62	0.44068208844333623
20	200	0.1	connectivity	21	0.0	1.0	0.39163983793139806
20	200	0.1	effect_size	22	0.4	0.6	0.5159605652563398
20	200	0.1	stability	22	0.4	0.6	0.48314369370215454
20	200	0.1	connectivity	22	0.0	1.0	0.4299102537031081
20	200	0.1	effect_size	23	0.26	0.74	0.42349665926892244
20	200	0.1	stability	23	0.32	0.68	0.36579761579761577
20	200	0.1	connectivity	23	0.0	1.0	0.48577070056628785
20	200	0.1	effect_size	24	0.0	1.0	0.3251025990752018
20	200	0.1	stability	24	0.02	0.96	0.2405377920283069
20	200	0.1	connectivity	24	0.0	1.0	0.43954543333071155
20	200	0.1	effect_size	25	0.04	0.96	0.32661873014801773
20	200	0.1	stability	25	0.08	0.92	0.34343512057228026
20	200	0.1	connectivity	25	0.0	1.0	0.40069581219948375
20	200	0.1	effect_size	26	0.0	1.0	0.346469146757539
20	200	0.1	stability	26	0.12	0.86	0.2989935521581091
20	200	0.1	connectivity	26	0.0	1.0	0.42029349408634853
20	200	0.1	effect_size	27	0.36	0.64	0.4340358116520151
20	200	0.1	stability	27	0.3	0.7	0.3363093874559033
20	200	0.1	connectivity	27	0.0	1.0	0.4770241332741332
20	200	0.1	effect_size	28	0.24	0.76	0.39331184478153247
20	200	0.1	stability	28	0.3	0.7	0.33427958427958426
20	200	0.1	connectivity	28	0.0	1.0	0.40774185921154693
20	200	0.1	effect_size	29	0.38	0.62	0.4928698752228164
20	200	0.1	stability	29	0.4	0.6	0.47855583105802596
20	200	0.1	connectivity	29	0.0	1.0	0.450490490195472
20	200	0.1	effect_size	30	0.0	1.0	0.36243816173393645
20	200	0.1	stability	30	0.0	1.0	0.3546868786594814
20	200	0.1	connectivity	30	0.0	1.0	0.38464336342145816
20	200	0.1	effect_size	31	0.02	0.98	0.3691625692816878
20	200	0.1	stability	31	0.02	0.98	0.3320464094719614
20	200	0.1	connectivity	31	0.0	1.0	0.3861647334057135
20	200	0.1	effect_size	32	0.0	1.0	0.3872472306606524
20	200	0.1	stability	32	0.0	1.0	0.3654105668802546
20	200	0.1	connectivity	32	0.0	1.0	0.34574389368909914
20	200	0.1	effect_size	33	0.12	0.88	0.3808403802552734
20	200	0.1	stability	33	0.14	0.86	0.3374224388205935
20	200	0.1	connectivity	33	0.0	1.0	0.37955097679195693
20	200	0.1	effect_size	34	0.16	0.84	0.36347026564417867
20	200	0.1	stability	34	0.24	0.76	0.2925417739472263
20	200	0.1	connectivity	34	0.0	1.0	0.43636520139756446
20	200	0.1	effect_size	35	0.24	0.76	0.3555416318574213
20	200	0.1	stability	35	0.28	0.72	0.30807883521599494
20	200	0.1	connectivity	35	0.0	1.0	0.39994797826840706
20	200	0.1	effect_size	36	0.04	0.96	0.33567821067821063
20	200	0.1	stability	36	0.1	0.9	0.3264936307679502
20	200	0.1	connectivity	36	0.0	1.0	0.47163093137446715
20	200	0.1	effect_size	37	0.12	0.88	0.4041161780887808
20	200	0.1	stability	37	0.2	0.8	0.37538026908208294
20	200	0.1	connectivity	37	0.0	1.0	0.31394886974500563
20	200	0.1	effect_size	38	0.3	0.7	0.42241489470455934
20	200	0.1	stability	38	0.32	0.68	0.40131057745709325
20	200	0.1	connectivity	38	0.0	1.0	0.4637975025614833
20	200	0.1	effect_size	39	0.0	1.0	0.4140894620346675
20	200	0.1	stability	39	0.04	0.96	0.3869112782699054
20	200	0.1	connectivity	39	0.0	1.0	0.42283796702106047
