arm	held_out	K	external_auroc	n_ieg	procurement_frac	spec_pass_frac	cross_fold_jaccard
none	GSE30528	10	0.5384615384615384	8	0.9	0.0	0.21575305785832102
none	GSE30528	20	0.6923076923076923	11	0.7	0.1	0.19605527228031763
none	GSE30528	50	0.7350427350427351	11	0.4	0.26	0.30081563962638286
none	GSE96804	10	0.9597560975609757	1	0.1	0.5	0.21575305785832102
none	GSE96804	20	0.9841463414634146	2	0.1	0.4	0.19605527228031763
none	GSE96804	50	0.9951219512195122	7	0.18	0.34	0.30081563962638286
none	GSE104948	10	0.9647435897435898	9	0.9	0.1	0.21575305785832102
none	GSE104948	20	0.9358974358974359	10	0.6	0.15	0.19605527228031763
none	GSE104948	50	0.9807692307692307	10	0.36	0.3	0.30081563962638286
none	GSE142025	10	1.0	2	0.2	0.2	0.21575305785832102
none	GSE142025	20	1.0	3	0.25	0.15	0.19605527228031763
none	GSE142025	50	1.0	6	0.24	0.32	0.30081563962638286
IEG_resid	GSE30528	10	0.8461538461538461	0	0.0	0.2	0.17783224400871464
IEG_resid	GSE30528	20	0.7692307692307693	0	0.1	0.3	0.20060903149138443
IEG_resid	GSE30528	50	0.9401709401709402	1	0.08	0.3	0.22340806173835506
IEG_resid	GSE96804	10	0.8073170731707316	0	0.0	0.2	0.17783224400871464
IEG_resid	GSE96804	20	0.9109756097560975	0	0.0	0.3	0.20060903149138443
IEG_resid	GSE96804	50	0.9231707317073171	0	0.0	0.38	0.22340806173835506
IEG_resid	GSE104948	10	0.9615384615384615	0	0.0	0.4	0.17783224400871464
IEG_resid	GSE104948	20	0.9743589743589743	0	0.05	0.5	0.20060903149138443
IEG_resid	GSE104948	50	0.9455128205128205	2	0.06	0.46	0.22340806173835506
IEG_resid	GSE142025	10	0.8930041152263374	0	0.0	0.5	0.17783224400871464
IEG_resid	GSE142025	20	1.0	1	0.1	0.45	0.20060903149138443
IEG_resid	GSE142025	50	0.9876543209876543	1	0.06	0.48	0.22340806173835506
RUVg_ieg	GSE30528	10	0.9743589743589743	0	0.3	0.3	0.11591273936475176
RUVg_ieg	GSE30528	20	0.9487179487179487	2	0.3	0.3	0.17615114559087394
RUVg_ieg	GSE30528	50	0.905982905982906	2	0.24	0.24	0.17554912818177024
RUVg_ieg	GSE96804	10	0.8951219512195121	0	0.2	0.6	0.11591273936475176
RUVg_ieg	GSE96804	20	0.9195121951219513	0	0.1	0.65	0.17615114559087394
RUVg_ieg	GSE96804	50	0.7878048780487805	0	0.1	0.54	0.17554912818177024
RUVg_ieg	GSE104948	10	0.6923076923076923	0	0.3	0.5	0.11591273936475176
RUVg_ieg	GSE104948	20	0.8525641025641026	0	0.25	0.5	0.17615114559087394
RUVg_ieg	GSE104948	50	0.9006410256410255	0	0.24	0.38	0.17554912818177024
RUVg_ieg	GSE142025	10	0.9711934156378601	0	0.2	0.5	0.11591273936475176
RUVg_ieg	GSE142025	20	0.8106995884773662	0	0.1	0.6	0.17615114559087394
RUVg_ieg	GSE142025	50	1.0	1	0.14	0.42	0.17554912818177024
RUVg_empirical	GSE30528	10	0.811965811965812	8	0.9	0.1	0.19510377250315328
RUVg_empirical	GSE30528	20	0.6068376068376068	10	0.65	0.2	0.15259569864833025
RUVg_empirical	GSE30528	50	0.6495726495726497	12	0.52	0.2	0.1555582070992446
RUVg_empirical	GSE96804	10	0.9804878048780488	2	0.2	0.3	0.19510377250315328
RUVg_empirical	GSE96804	20	0.9243902439024391	4	0.2	0.25	0.15259569864833025
RUVg_empirical	GSE96804	50	0.9792682926829268	7	0.18	0.24	0.1555582070992446
RUVg_empirical	GSE104948	10	0.907051282051282	8	0.9	0.0	0.19510377250315328
RUVg_empirical	GSE104948	20	0.9807692307692307	10	0.7	0.05	0.15259569864833025
RUVg_empirical	GSE104948	50	0.9487179487179487	11	0.44	0.1	0.1555582070992446
RUVg_empirical	GSE142025	10	0.9670781893004115	1	0.2	0.1	0.19510377250315328
RUVg_empirical	GSE142025	20	0.9176954732510287	1	0.15	0.3	0.15259569864833025
RUVg_empirical	GSE142025	50	1.0	3	0.12	0.4	0.1555582070992446
SVA_like	GSE30528	10	0.7692307692307692	2	0.2	0.4	0.13478139793929267
SVA_like	GSE30528	20	0.905982905982906	2	0.1	0.45	0.19172419172419172
SVA_like	GSE30528	50	0.7692307692307692	2	0.04	0.42	0.24693773662494958
SVA_like	GSE96804	10	0.6963414634146341	0	0.0	0.6	0.13478139793929267
SVA_like	GSE96804	20	0.7146341463414634	0	0.0	0.5	0.19172419172419172
SVA_like	GSE96804	50	0.9353658536585366	2	0.12	0.46	0.24693773662494958
SVA_like	GSE104948	10	0.8782051282051282	2	0.2	0.7	0.13478139793929267
SVA_like	GSE104948	20	0.9455128205128205	2	0.15	0.7	0.19172419172419172
SVA_like	GSE104948	50	0.9423076923076923	3	0.08	0.46	0.24693773662494958
SVA_like	GSE142025	10	0.9711934156378601	0	0.0	0.7	0.13478139793929267
SVA_like	GSE142025	20	1.0	1	0.05	0.55	0.19172419172419172
SVA_like	GSE142025	50	1.0	2	0.12	0.42	0.24693773662494958
ComBat	GSE30528	10	0.5384615384615384	8	0.9	0.0	0.21575305785832102
ComBat	GSE30528	20	0.6923076923076923	11	0.7	0.1	0.18575926198430737
ComBat	GSE30528	50	0.7350427350427351	11	0.4	0.26	0.30081563962638286
ComBat	GSE96804	10	0.9597560975609757	1	0.1	0.5	0.21575305785832102
ComBat	GSE96804	20	0.9841463414634146	2	0.1	0.4	0.18575926198430737
ComBat	GSE96804	50	0.9951219512195122	7	0.18	0.34	0.30081563962638286
ComBat	GSE104948	10	0.9647435897435898	9	0.9	0.1	0.21575305785832102
ComBat	GSE104948	20	0.9358974358974359	10	0.6	0.15	0.18575926198430737
ComBat	GSE104948	50	0.9807692307692307	10	0.36	0.3	0.30081563962638286
ComBat	GSE142025	10	1.0	2	0.2	0.2	0.21575305785832102
ComBat	GSE142025	20	1.0	2	0.2	0.15	0.18575926198430737
ComBat	GSE142025	50	1.0	6	0.24	0.32	0.30081563962638286
