arm	K	auc	ieg	proc	sp	xf
ComBat	10	0.865740306441526	5.0	0.525	0.2	0.21575305785832102
ComBat	20	0.9030878674171356	6.25	0.39999999999999997	0.2	0.18575926198430737
ComBat	50	0.9277334792578695	8.5	0.295	0.305	0.30081563962638286
IEG_resid	10	0.8770033740223442	0.0	0.0	0.325	0.17783224400871464
IEG_resid	20	0.9136413383364603	0.25	0.0625	0.3875	0.20060903149138443
IEG_resid	50	0.949127203344683	1.0	0.05	0.405	0.22340806173835506
RUVg_empirical	10	0.9166457720488885	4.75	0.55	0.125	0.19510377250315328
RUVg_empirical	20	0.8574231386900764	6.25	0.425	0.2	0.15259569864833025
RUVg_empirical	50	0.8943897227433812	8.25	0.315	0.23500000000000001	0.1555582070992446
RUVg_ieg	10	0.8832455083810097	0.0	0.25	0.475	0.11591273936475176
RUVg_ieg	20	0.8828734587203422	0.5	0.1875	0.5125	0.17615114559087394
RUVg_ieg	50	0.898607202418178	0.75	0.18	0.395	0.17554912818177024
SVA_like	10	0.8287426941220979	1.0	0.1	0.6	0.13478139793929267
SVA_like	20	0.8915324682092974	1.25	0.075	0.55	0.19172419172419172
SVA_like	50	0.9117260787992495	2.25	0.09	0.44	0.24693773662494958
none	10	0.865740306441526	5.0	0.525	0.2	0.21575305785832102
none	20	0.9030878674171356	6.5	0.4125	0.2	0.19605527228031763
none	50	0.9277334792578695	8.5	0.295	0.305	0.30081563962638286
