subset	size	method	n_ieg_topK	cross_fold_jaccard	external_auroc
GSE89632+GSE48452	2	DEG_meta	3.0	0.0	0.7512254901960784
GSE89632+GSE48452	2	WGCNA_hub	2.0	0.0	0.7603844169246646
GSE89632+GSE48452	2	RBS	3.0	0.0	0.7961171310629516
GSE89632+GSE48452	2	RBS_orth	0.0	0.0	0.8524896800825592
GSE89632+GSE162694	2	DEG_meta	3.0	0.0	0.6280282747812458
GSE89632+GSE162694	2	WGCNA_hub	2.0	0.010101010101010102	0.23019785816899568
GSE89632+GSE162694	2	RBS	3.0	0.0	0.6921417221714335
GSE89632+GSE162694	2	RBS_orth	0.0	0.0	0.7614764267990075
GSE89632+GSE126848	2	DEG_meta	3.0	0.0	0.8285557644110275
GSE89632+GSE126848	2	WGCNA_hub	2.0	0.0	0.8182565789473684
GSE89632+GSE126848	2	RBS	3.0	0.010101010101010102	0.7776080827067668
GSE89632+GSE126848	2	RBS_orth	0.0	0.0	0.8892543859649122
GSE89632+GSE83452	2	DEG_meta	3.0	0.010101010101010102	0.760192384370016
GSE89632+GSE83452	2	WGCNA_hub	2.0	0.05263157894736842	0.6465981934731935
GSE89632+GSE83452	2	RBS	3.0	0.010101010101010102	0.7873976352594774
GSE89632+GSE83452	2	RBS_orth	0.0	0.0	0.8039312661023188
GSE48452+GSE162694	2	DEG_meta	0.0	0.06382978723404255	0.9076777112830243
GSE48452+GSE162694	2	WGCNA_hub	0.0	0.0	0.7796003016591252
GSE48452+GSE162694	2	RBS	0.0	0.030927835051546393	0.8987495742713959
GSE48452+GSE162694	2	RBS_orth	0.0	0.02040816326530612	0.9257407677711283
GSE48452+GSE126848	2	DEG_meta	0.0	0.02040816326530612	0.7457545518207283
GSE48452+GSE126848	2	WGCNA_hub	0.0	0.0	0.6457895658263306
GSE48452+GSE126848	2	RBS	0.0	0.02040816326530612	0.7261029411764706
GSE48452+GSE126848	2	RBS_orth	0.0	0.02040816326530612	0.7100402661064426
GSE48452+GSE83452	2	DEG_meta	0.0	0.02040816326530612	0.7700341937474291
GSE48452+GSE83452	2	WGCNA_hub	0.0	0.010101010101010102	0.7001876799670917
GSE48452+GSE83452	2	RBS	0.0	0.02040816326530612	0.8243285513506102
GSE48452+GSE83452	2	RBS_orth	0.0	0.030927835051546393	0.8217361682435211
GSE162694+GSE126848	2	DEG_meta	0.0	0.0	0.7837055417700579
GSE162694+GSE126848	2	WGCNA_hub	0.0	0.0	0.6438061266690299
GSE162694+GSE126848	2	RBS	0.0	0.0	0.7033373212808697
GSE162694+GSE126848	2	RBS_orth	0.0	0.010101010101010102	0.7466656327543424
GSE162694+GSE83452	2	DEG_meta	0.0	0.02040816326530612	0.7030345326716294
GSE162694+GSE83452	2	WGCNA_hub	0.0	0.0	0.6105804477780284
GSE162694+GSE83452	2	RBS	0.0	0.05263157894736842	0.7551237405068051
GSE162694+GSE83452	2	RBS_orth	0.0	0.05263157894736842	0.7331202064064968
GSE126848+GSE83452	2	DEG_meta	0.0	0.010101010101010102	0.8095186063936064
GSE126848+GSE83452	2	WGCNA_hub	0.0	0.0	0.7693556443556444
GSE126848+GSE83452	2	RBS	0.0	0.010101010101010102	0.7629557942057943
GSE126848+GSE83452	2	RBS_orth	0.0	0.010101010101010102	0.7018606393606394
GSE89632+GSE48452+GSE162694	3	DEG_meta	1.6666666666666667	0.08665304732720462	0.8385771573877037
GSE89632+GSE48452+GSE162694	3	WGCNA_hub	1.0	0.01016972445543874	0.6957447839176591
GSE89632+GSE48452+GSE162694	3	RBS	2.0	0.15196466807246786	0.8706930989713374
GSE89632+GSE48452+GSE162694	3	RBS_orth	0.0	0.13909715713839424	0.8913184228024935
GSE89632+GSE48452+GSE126848	3	DEG_meta	1.6666666666666667	0.128429100731165	0.8987788097695218
GSE89632+GSE48452+GSE126848	3	WGCNA_hub	1.0	0.045623176482239035	0.8723954494078333
GSE89632+GSE48452+GSE126848	3	RBS	3.0	0.19127569363294872	0.9121087031303751
GSE89632+GSE48452+GSE126848	3	RBS_orth	0.3333333333333333	0.16890389176796253	0.9187214359427983
GSE89632+GSE48452+GSE83452	3	DEG_meta	2.6666666666666665	0.15890237951720773	0.7890358695312255
GSE89632+GSE48452+GSE83452	3	WGCNA_hub	2.3333333333333335	0.20396258327292813	0.7063000961027277
GSE89632+GSE48452+GSE83452	3	RBS	3.6666666666666665	0.1960714313008143	0.8302845675136696
GSE89632+GSE48452+GSE83452	3	RBS_orth	0.0	0.14087301587301587	0.8590578775369796
GSE89632+GSE162694+GSE126848	3	DEG_meta	0.0	0.06142364206880335	0.8173160491178318
GSE89632+GSE162694+GSE126848	3	WGCNA_hub	0.0	0.006802721088435374	0.4550236478292506
GSE89632+GSE162694+GSE126848	3	RBS	1.0	0.16001619786312807	0.8324880646612396
GSE89632+GSE162694+GSE126848	3	RBS_orth	0.0	0.16642616642616642	0.8322490210223658
GSE89632+GSE162694+GSE83452	3	DEG_meta	1.0	0.08356640393253666	0.814096215518117
GSE89632+GSE162694+GSE83452	3	WGCNA_hub	1.3333333333333333	0.03853248800057311	0.4804866363121881
GSE89632+GSE162694+GSE83452	3	RBS	1.6666666666666667	0.15326511386943592	0.8559718495520703
GSE89632+GSE162694+GSE83452	3	RBS_orth	0.0	0.19553869553869554	0.8573665593508547
GSE89632+GSE126848+GSE83452	3	DEG_meta	1.0	0.12426763589554286	0.7576940603256394
GSE89632+GSE126848+GSE83452	3	WGCNA_hub	1.3333333333333333	0.06057138134157312	0.6950240914056703
GSE89632+GSE126848+GSE83452	3	RBS	2.6666666666666665	0.17076957619507563	0.824865010720274
GSE89632+GSE126848+GSE83452	3	RBS_orth	0.0	0.16862489734029176	0.8226778703752388
GSE48452+GSE162694+GSE126848	3	DEG_meta	0.0	0.16075066310791822	0.8955774617539324
GSE48452+GSE162694+GSE126848	3	WGCNA_hub	0.0	0.0679398476089917	0.7538204798048252
GSE48452+GSE162694+GSE126848	3	RBS	0.0	0.20528592219276523	0.9125835094170008
GSE48452+GSE162694+GSE126848	3	RBS_orth	0.3333333333333333	0.1928049275754704	0.9370975127023513
GSE48452+GSE162694+GSE83452	3	DEG_meta	0.0	0.12761652671291226	0.7380263369352553
GSE48452+GSE162694+GSE83452	3	WGCNA_hub	0.0	0.05874236152178198	0.6245729813092242
GSE48452+GSE162694+GSE83452	3	RBS	0.0	0.20995445627306406	0.8020566101092667
GSE48452+GSE162694+GSE83452	3	RBS_orth	0.0	0.16503476656733362	0.7836717691437806
GSE48452+GSE126848+GSE83452	3	DEG_meta	0.0	0.1530873352650636	0.7902636579107168
GSE48452+GSE126848+GSE83452	3	WGCNA_hub	0.0	0.0318923268232024	0.6538461538461539
GSE48452+GSE126848+GSE83452	3	RBS	0.0	0.18349942981803757	0.7776392316833493
GSE48452+GSE126848+GSE83452	3	RBS_orth	0.3333333333333333	0.164471334635827	0.7758393567217096
GSE162694+GSE126848+GSE83452	3	DEG_meta	0.0	0.14983046040319783	0.8286284727816985
GSE162694+GSE126848+GSE83452	3	WGCNA_hub	0.0	0.03539888408528249	0.6373517835211384
GSE162694+GSE126848+GSE83452	3	RBS	0.0	0.2092434314656537	0.8503494713172133
GSE162694+GSE126848+GSE83452	3	RBS_orth	0.0	0.2322472848788638	0.8878216317732447
GSE89632+GSE48452+GSE162694+GSE126848	4	DEG_meta	0.0	0.19680787217084858	0.8683029855372997
GSE89632+GSE48452+GSE162694+GSE126848	4	WGCNA_hub	0.0	0.07125735560730388	0.6529436469311507
GSE89632+GSE48452+GSE162694+GSE126848	4	RBS	0.75	0.2844031257196111	0.8924813864915171
GSE89632+GSE48452+GSE162694+GSE126848	4	RBS_orth	0.0	0.24649897827484543	0.9211802158338848
GSE89632+GSE48452+GSE162694+GSE83452	4	DEG_meta	0.25	0.20337299183184873	0.7834984119275478
GSE89632+GSE48452+GSE162694+GSE83452	4	WGCNA_hub	1.0	0.13176388083548787	0.6881598611490378
GSE89632+GSE48452+GSE162694+GSE83452	4	RBS	1.25	0.2341436714271	0.8747930683991929
GSE89632+GSE48452+GSE162694+GSE83452	4	RBS_orth	0.0	0.2547811749276674	0.8703607658528761
GSE89632+GSE48452+GSE126848+GSE83452	4	DEG_meta	0.25	0.22359389358614465	0.8405705088899749
GSE89632+GSE48452+GSE126848+GSE83452	4	WGCNA_hub	1.0	0.09980278643538805	0.7384286008753889
GSE89632+GSE48452+GSE126848+GSE83452	4	RBS	2.75	0.2629562172245099	0.7823913219133808
GSE89632+GSE48452+GSE126848+GSE83452	4	RBS_orth	0.0	0.22917793721041627	0.8176594674030819
GSE89632+GSE162694+GSE126848+GSE83452	4	DEG_meta	0.0	0.2212685905412186	0.8463384071008222
GSE89632+GSE162694+GSE126848+GSE83452	4	WGCNA_hub	0.0	0.06227681688511182	0.6422898559066853
GSE89632+GSE162694+GSE126848+GSE83452	4	RBS	0.75	0.2892212193309474	0.8881653416617339
GSE89632+GSE162694+GSE126848+GSE83452	4	RBS_orth	0.0	0.3071664321664322	0.9007246909146315
GSE48452+GSE162694+GSE126848+GSE83452	4	DEG_meta	0.0	0.26745957979616475	0.8124370490357207
GSE48452+GSE162694+GSE126848+GSE83452	4	WGCNA_hub	0.0	0.13336617303819243	0.6119563696502738
GSE48452+GSE162694+GSE126848+GSE83452	4	RBS	0.0	0.31991392184127543	0.8708031472796653
GSE48452+GSE162694+GSE126848+GSE83452	4	RBS_orth	0.0	0.3060683155619865	0.8360211450077437
GSE89632+GSE48452+GSE162694+GSE126848+GSE83452	5	DEG_meta	0.0	0.33226558506324777	0.8665247910816172
GSE89632+GSE48452+GSE162694+GSE126848+GSE83452	5	WGCNA_hub	0.4	0.1610174965650351	0.6799939418166971
GSE89632+GSE48452+GSE162694+GSE126848+GSE83452	5	RBS	0.6	0.41124807877108455	0.904985693922576
GSE89632+GSE48452+GSE162694+GSE126848+GSE83452	5	RBS_orth	0.0	0.38584714071723974	0.8902086696635034
