rep	subset	concordance	jaccard_diff	auroc_diff	sizes
0	GSE75214+GSE87466+GSE179285	0.6379063036243471	0.049804983308819634	0.002960499301962738	GSE75214:12/11;GSE87466:41/20;GSE179285:9/11
0	GSE75214+GSE87466+GSE11223	0.6379063036243471	0.14272616283130635	0.006448323680561252	GSE75214:12/11;GSE87466:41/20;GSE11223:23/13
0	GSE75214+GSE87466+GSE47908	0.6379063036243471	0.067108165699715	0.014225969420187945	GSE75214:12/11;GSE87466:41/20;GSE47908:27/9
0	GSE75214+GSE179285+GSE11223	0.6379063036243471	0.044791115863165865	0.03797169014560331	GSE75214:12/11;GSE179285:9/11;GSE11223:23/13
0	GSE75214+GSE179285+GSE47908	0.6379063036243471	-0.013488415881411475	0.006858710562414383	GSE75214:12/11;GSE179285:9/11;GSE47908:27/9
0	GSE75214+GSE11223+GSE47908	0.6379063036243471	0.1058880556418009	0.04099169155529869	GSE75214:12/11;GSE11223:23/13;GSE47908:27/9
0	GSE87466+GSE179285+GSE11223	0.6379063036243471	0.1228909631722383	0.06274981646137534	GSE87466:41/20;GSE179285:9/11;GSE11223:23/13
0	GSE87466+GSE179285+GSE47908	0.6379063036243471	0.09141900612087747	0.0062999765800126895	GSE87466:41/20;GSE179285:9/11;GSE47908:27/9
0	GSE87466+GSE11223+GSE47908	0.6379063036243471	0.13769820908228694	0.049558030263815334	GSE87466:41/20;GSE11223:23/13;GSE47908:27/9
0	GSE179285+GSE11223+GSE47908	0.6379063036243471	0.12864302490985477	0.03695904501057479	GSE179285:9/11;GSE11223:23/13;GSE47908:27/9
1	GSE75214+GSE87466+GSE179285	0.6131694898377185	0.07657720180141173	0.0090580602775725	GSE75214:12/11;GSE87466:41/20;GSE179285:9/11
1	GSE75214+GSE87466+GSE11223	0.6131694898377185	0.2549987269851446	0.0008932213067950334	GSE75214:12/11;GSE87466:41/20;GSE11223:23/13
1	GSE75214+GSE87466+GSE47908	0.6131694898377185	0.1818145092449861	0.008434541135534879	GSE75214:12/11;GSE87466:41/20;GSE47908:27/9
1	GSE75214+GSE179285+GSE11223	0.6131694898377185	0.11113194444573705	0.05128205128205132	GSE75214:12/11;GSE179285:9/11;GSE11223:23/13
1	GSE75214+GSE179285+GSE47908	0.6131694898377185	0.03416054580503888	0.00137174211248281	GSE75214:12/11;GSE179285:9/11;GSE47908:27/9
1	GSE75214+GSE11223+GSE47908	0.6131694898377185	0.22421041781944037	0.047336572296314716	GSE75214:12/11;GSE11223:23/13;GSE47908:27/9
1	GSE87466+GSE179285+GSE11223	0.6131694898377185	0.14428792287231487	0.07142584449053169	GSE87466:41/20;GSE179285:9/11;GSE11223:23/13
1	GSE87466+GSE179285+GSE47908	0.6131694898377185	0.08604982442191747	0.003708722272407927	GSE87466:41/20;GSE179285:9/11;GSE47908:27/9
1	GSE87466+GSE11223+GSE47908	0.6131694898377185	0.2132621595458285	0.04564230462074215	GSE87466:41/20;GSE11223:23/13;GSE47908:27/9
1	GSE179285+GSE11223+GSE47908	0.6131694898377185	0.10536671735447625	0.0455636091706948	GSE179285:9/11;GSE11223:23/13;GSE47908:27/9
2	GSE75214+GSE87466+GSE179285	0.604462769975911	0.06009328780965775	0.007489529440748988	GSE75214:12/11;GSE87466:41/20;GSE179285:9/11
2	GSE75214+GSE87466+GSE11223	0.604462769975911	0.2250145107287964	0.026361584686080963	GSE75214:12/11;GSE87466:41/20;GSE11223:23/13
2	GSE75214+GSE87466+GSE47908	0.604462769975911	0.1676942220420481	0.02855398307069479	GSE75214:12/11;GSE87466:41/20;GSE47908:27/9
2	GSE75214+GSE179285+GSE11223	0.604462769975911	0.07365874324938651	0.035674470457079055	GSE75214:12/11;GSE179285:9/11;GSE11223:23/13
2	GSE75214+GSE179285+GSE47908	0.604462769975911	0.047659837940136396	0.008355156503304761	GSE75214:12/11;GSE179285:9/11;GSE47908:27/9
2	GSE75214+GSE11223+GSE47908	0.604462769975911	0.18316625749736304	0.07177560317656939	GSE75214:12/11;GSE11223:23/13;GSE47908:27/9
2	GSE87466+GSE179285+GSE11223	0.604462769975911	0.13616037068381293	0.11332313262323856	GSE87466:41/20;GSE179285:9/11;GSE11223:23/13
2	GSE87466+GSE179285+GSE47908	0.604462769975911	-0.0005598761096173299	0.034447455585666975	GSE87466:41/20;GSE179285:9/11;GSE47908:27/9
2	GSE87466+GSE11223+GSE47908	0.604462769975911	0.13040720490236862	0.07724450589813292	GSE87466:41/20;GSE11223:23/13;GSE47908:27/9
2	GSE179285+GSE11223+GSE47908	0.604462769975911	0.0789548524313336	-0.002184610880263005	GSE179285:9/11;GSE11223:23/13;GSE47908:27/9
3	GSE75214+GSE87466+GSE179285	0.6415931727548243	0.0350841392255887	0.0033382606553339356	GSE75214:12/11;GSE87466:41/20;GSE179285:9/11
3	GSE75214+GSE87466+GSE11223	0.6415931727548243	0.18226784861246037	0.012762052369687527	GSE75214:12/11;GSE87466:41/20;GSE11223:23/13
3	GSE75214+GSE87466+GSE47908	0.6415931727548243	0.14889585902477692	0.03673425005855013	GSE75214:12/11;GSE87466:41/20;GSE47908:27/9
3	GSE75214+GSE179285+GSE11223	0.6415931727548243	0.06733174935170066	0.0491199621634405	GSE75214:12/11;GSE179285:9/11;GSE11223:23/13
3	GSE75214+GSE179285+GSE47908	0.6415931727548243	0.0	0.009602194787380114	GSE75214:12/11;GSE179285:9/11;GSE47908:27/9
3	GSE75214+GSE11223+GSE47908	0.6415931727548243	0.2217939272298105	0.06071449871771917	GSE75214:12/11;GSE11223:23/13;GSE47908:27/9
3	GSE87466+GSE179285+GSE11223	0.6415931727548243	0.14601123436710586	0.0154432543616001	GSE87466:41/20;GSE179285:9/11;GSE11223:23/13
3	GSE87466+GSE179285+GSE47908	0.6415931727548243	0.03802461289170023	0.03190638696510417	GSE87466:41/20;GSE179285:9/11;GSE47908:27/9
3	GSE87466+GSE11223+GSE47908	0.6415931727548243	0.23857697053573346	0.060262542197658586	GSE87466:41/20;GSE11223:23/13;GSE47908:27/9
3	GSE179285+GSE11223+GSE47908	0.6415931727548243	0.13733894718913414	0.059338168838973804	GSE179285:9/11;GSE11223:23/13;GSE47908:27/9
4	GSE75214+GSE87466+GSE179285	0.6468987193563529	0.08941498591727376	0.009550792477621917	GSE75214:12/11;GSE87466:41/20;GSE179285:9/11
4	GSE75214+GSE87466+GSE11223	0.6468987193563529	0.16169851242863942	0.028344584601212364	GSE75214:12/11;GSE87466:41/20;GSE11223:23/13
4	GSE75214+GSE87466+GSE47908	0.6468987193563529	0.12078321937476866	0.02164341396500391	GSE75214:12/11;GSE87466:41/20;GSE47908:27/9
4	GSE75214+GSE179285+GSE11223	0.6468987193563529	0.026861496039514487	0.021181716833890696	GSE75214:12/11;GSE179285:9/11;GSE11223:23/13
4	GSE75214+GSE179285+GSE47908	0.6468987193563529	0.0036634416117916624	0.014964459408903896	GSE75214:12/11;GSE179285:9/11;GSE47908:27/9
4	GSE75214+GSE11223+GSE47908	0.6468987193563529	0.1381425192897992	0.015491531192014296	GSE75214:12/11;GSE11223:23/13;GSE47908:27/9
4	GSE87466+GSE179285+GSE11223	0.6468987193563529	0.09356883753078643	0.03747273699553644	GSE87466:41/20;GSE179285:9/11;GSE11223:23/13
4	GSE87466+GSE179285+GSE47908	0.6468987193563529	0.02319627319627321	0.009856468935059759	GSE87466:41/20;GSE179285:9/11;GSE47908:27/9
4	GSE87466+GSE11223+GSE47908	0.6468987193563529	0.19331403547735612	0.03906762154867116	GSE87466:41/20;GSE11223:23/13;GSE47908:27/9
4	GSE179285+GSE11223+GSE47908	0.6468987193563529	0.08103319788826305	-0.012350266778608177	GSE179285:9/11;GSE11223:23/13;GSE47908:27/9
