symbol	layers	sn_n_sig_clusters	sn_top_celltype	sn_top_foldchange	protein_glom_vs_TI_FC	protein_adjP	protein_peptides	rt_glom_FC	rt_glom_adjP
CD247	sc,sn,rt,rp	10.0	Natural Killer Cell	6.6822490588013	-0.95039210909947	0.199841074282598	1.0	0.238803557	0.932261931571945
MS4A6A	sc,sn,rt	12.0	Resident Macrophage, LYVE1+	6.23228215129675				0.151229888	0.99608238561402
CASP1	sc,sn,rt,rp	7.0	Non-Classical Monocyte	4.46586123244021	-0.0789401639912345	0.844745847417576	7.0	-0.258716063	0.876089939703444
ACTN1	sc,sn,rt,rp	43.0	Inner Medullary Perivascular Myofi	3.20697954089724	1.03398860847739	3.10156090810117e-16	64.0	-0.476929987	0.86344161393556
COL1A2	sc,sn,rt,rp	23.0	Outer Medullary Fibroblast (<i>deg	5.41114346029373	1.19416803875424	6.3998318586628e-06	23.0	-1.242751018	0.0835636493763441
ARL4C	sc,sn,rt	23.0	Cytotoxic T Cell, Tem/Temra (Termi	4.81306723354804				-1.163153888	0.335100315511811
C1orf21	sc,sn,rt,rp	46.0	Ascending Vasa Recta Endothelial C	3.68268025646701	-0.0766673431315008	0.912284050274381	1.0	0.558342695	0.445539831477987
LUM	sc,sn,rt,rp	15.0	Interstitial Fibroblast (<i>degene	5.50570580681164	-0.964728345980876	0.00125373000392846	16.0	-1.82615458	0.68228186867629
SOX4	sc,sn,rt	28.0	Thick Ascending Limb of Loop of He	2.42442595534953				-1.103923	0.10089879489814
MARCKS	sc,sn,rt,rp	45.0	Resident Macrophage, LYVE1+ HLAII<	3.83280605298841	-1.11023396064404	0.0163768571255766	5.0	-1.722134925	0.0664265630060606
CCDC91	sc,sn,rt,rp	11.0	Podocyte	2.61006871387705	-0.120091216248862	0.863794363576867	6.0	0.886141487	0.86344161393556
TYROBP	sc,sn,rt,rp	16.0	Resident Macrophage, LYVE1+ HLAII<	6.10021439496051	-1.84969107236584	0.016976986303335	2.0	-0.6484014	0.99608238561402
SYT11	sc,sn,rt	7.0	Schwann Cell / Neural	3.72183996462415				0.5681135	0.999604552671756
FOLR2	sc,sn,rt	3.0	Resident Macrophage, LYVE1+	6.70828190456576				-0.008960652	0.932261931571945
MMP7	sc,sn,rt,rp	35.0	Inner Medullary Collecting Duct Ce	4.18078006022898	-0.915786663907505	0.244709435216131	3.0	-2.497905301	0.174909150626003
SACS	sc,sn,rt	24.0	Intercalated Cell Type B	2.86448211137188				0.2877021	0.86344161393556
MOXD1	sc,sn,rt,rp	19.0	Corticomedullary Fibroblast	5.35186053094227	-2.30534177205358	6.43424544630843e-07	8.0	-1.486964494	0.602459556982647
THBS2	sc,sn,rt,rp	16.0	Interstitial Fibroblast (<i>degene	5.12065895501134	-0.510867456182992	0.240922581802527	15.0	-0.3911191	0.876089939703444
RNASE6	sc,sn,rt,rp	7.0	Resident Macrophage, LYVE1+ HLAII<	5.44322045034315	-1.04316730422161	0.196092887355154	2.0	-1.723218	0.858106404549951
TNFRSF12A	sc,sn,rt	24.0	Thick Ascending Limb of Loop of He	2.65472856623821				-0.6484404	0.858106404549951
VCAN	sc,sn,rt,rp	32.0	Classical Monocyte	4.92215898623879	-1.21925845070225	0.028907166791977	17.0	-0.85172	0.86344161393556
CALHM2	sc,sn,rt							0.715365973	0.942932029422099
FKBP5	sc,sn,rt,rp	17.0	Proximal Tubule Epithelial Cell Se	1.56684454667147	-0.367081725725812	0.161619474264676	21.0	0.661511103	0.809989688144744
CTNNBIP1	sc,sn,rt	3.0	Podocyte	2.06123032466534				0.373860287	0.954516379326771
CA10	sc,sn,rt	17.0	Macula Densa Cell	2.70190915756454				0.604367875	0.785646966255954
TNNT2	sc,sn,rt	3.0	Podocyte (<i>degenerative<sup>3</s	4.73972207745097				2.730205	0.000315589684210526
FMOD	sc,sn,rt,rp	4.0	Interstitial Fibroblast (<i>degene	5.52883215892634	-0.666564169776315	0.414257464249834	2.0	-0.015231447	0.941960468689005
HDAC9	sc,sn,rt	33.0	Classical Type 1 Dendritic Cell	5.38597671714293				-0.200065945	0.86344161393556
MMP2	sc,sn,rt,rp	14.0	Interstitial Fibroblast (<i>degene	4.93192813216257	0.85651514380781	0.184190575764249	5.0	-0.744490197	0.86344161393556
CCND2	sc,sn,rt	35.0	Cytotoxic T Cell, Tem/Temra (Termi	3.51235381427435				-0.190707023	0.86344161393556
