gene	queried_on	n_any	n_kidney	n_dkd	n_dkd_biomarker	verdict	ambiguity_note	dkd_pmids	dkd_biomarker_pmids
ALOX12P2	2026-09-11	1	0	0	0	NOVEL - no kidney literature			
SLC12A3	2026-09-11	475	272	21	3	ALREADY PROPOSED as DKD marker		42349830;41443301;37984306;37587982;37187702;35801212;35591852;33413160	37587982;18263927;17653210
AGPAT5	2026-09-11	24	0	0	0	NOVEL - no kidney literature			
ATOX1	2026-09-11	354	9	0	0	kidney-studied, NOT in DKD			
HDAC2	2026-09-11	2748	70	9	1	ALREADY PROPOSED as DKD marker		41369384;39758407;38754539;37789355;35084460;31843983;31746362;24717296	37789355
DDX10	2026-09-11	62	1	0	0	kidney-studied, NOT in DKD			
SOBP	2026-09-11	548	7	0	0	kidney-studied, NOT in DKD			
ZMYND10	2026-09-11	59	3	0	0	kidney-studied, NOT in DKD			
MCAT	2026-09-11	1110	19	0	0	kidney-studied, NOT in DKD			
DGKZ	2026-09-11	40	1	0	0	kidney-studied, NOT in DKD			
GINS4	2026-09-11	41	0	0	0	NOVEL - no kidney literature			
P2RX7	2026-09-11	600	29	1	0	reported in DKD (few papers)		27935823	
CYTH3	2026-09-11	11	0	0	0	NOVEL - no kidney literature			
INPP5D	2026-09-11	149	7	1	0	reported in DKD (few papers)		27965087	
SPSB3	2026-09-11	12	0	0	0	NOVEL - no kidney literature			
FKBP10	2026-09-11	198	16	0	0	kidney-studied, NOT in DKD			
CERK	2026-09-11	175	9	0	0	kidney-studied, NOT in DKD			
GOLGA2	2026-09-11	61	5	0	0	kidney-studied, NOT in DKD			
PFKP	2026-09-11	366	21	2	1	ALREADY PROPOSED as DKD marker		42215867;35095764	35095764
LONRF3	2026-09-11	3	0	0	0	NOVEL - no kidney literature			
AGRP	2026-09-11	2254	32	0	0	kidney-studied, NOT in DKD			
TCIRG1	2026-09-11	213	12	0	0	kidney-studied, NOT in DKD			
HPSE	2026-09-11	447	28	7	2	ALREADY PROPOSED as DKD marker		39587144;35173145;26040666;24937189;23147865;22106160;17051139	35173145;26040666
ITGB4	2026-09-11	476	14	0	0	kidney-studied, NOT in DKD			
POP4	2026-09-11	63	0	0	0	NOVEL - no kidney literature			
PBLD	2026-09-11	37	1	0	0	kidney-studied, NOT in DKD			
ITGA2	2026-09-11	514	6	0	0	kidney-studied, NOT in DKD			
AP2S1	2026-09-11	87	12	0	0	kidney-studied, NOT in DKD			
MFAP1	2026-09-11	20	0	0	0	NOVEL - no kidney literature			
FAM222B	2026-09-11	5	0	0	0	NOVEL - no kidney literature			
