tissue	cohort	arms	n_infl_genes	g_inflammation	case_coef_unadjusted	case_coef_adjusted	retained_fraction	corr_handling_inflammation
kidney_dkd	GSE30528	asymmetric	9	0.7089856976398805	-0.5234014920012607	-0.6990437353731535	1.335578415530137	0.12384647736586951
kidney_dkd	GSE96804	asymmetric	9	-1.1541004430943256	-1.5400945878996442	-1.119471835681432	0.726885117626541	0.666785067680218
kidney_dkd	GSE104948	asymmetric	9	1.3693805075262402	-0.7381890908678932	-1.1541676181520595	1.5635121575626347	0.05078108514743775
kidney_dkd	GSE142025	asymmetric	9	0.026502364058877074	-1.8888552827848735	-1.8984208580019362	1.0050642181559615	0.3377915771374606
kidney_dkd	GSE294519	asymmetric	9	0.7356817169117722	0.16361365431356223	-0.45826760936774913	-2.8009129879190193	0.7913290644497702
kidney_dkd	GSE30529	asymmetric	9	1.2913225373871946	-0.7564623385448543	-0.8898529040653862	1.1763347079209845	-0.1418841245305858
kidney_dkd	GSE104954	asymmetric	9	0.8835033070775028	-1.116845261198241	-1.4206721192822829	1.2720402446423709	0.07704974049575937
colon_uc	GSE75214	matched	13	3.122902962346549	1.826570840396172	0.7018186530284161	0.3842274482363881	0.6928608334827386
colon_uc	GSE87466	matched	11	2.921508732406291	1.4138713206382159	0.25479419078486554	0.1802103112678263	0.6822491277089403
colon_uc	GSE179285	matched	13	1.407968678901081	0.9882770966033204	0.8133542768823797	0.823002252787052	0.3694495153155192
colon_uc	GSE11223	matched	12	1.6418958532482626	0.502326954468428	-0.011484804179132021	-0.022863205083799378	0.3948602383549772
colon_uc	GSE47908	matched	10	2.0475258413550472	1.142237371925157	0.49112200420325003	0.42996492346901594	0.580593385409011
colon_uc	GSE38713	matched	10	3.8365718204847425	-0.09863898734671814	-1.0013610777990691	10.151777757807505	0.053463956567400654
colon_uc	GSE53306	matched	13	3.4391427820409173	0.8989358239299973	1.7874137164158599	1.9883663203025836	0.27842892233076433
colon_uc	GSE16879	matched	10	3.529984211824876	1.8280358632233753	1.3677787386276956	0.7482231427428845	0.6881579929947175
colon_uc	GSE48958	matched	13	4.321369901885276	1.723878332626789	1.0055417346790585	0.5833020321955361	0.8814612931593807
colon_uc	GSE13367	matched	10	2.4564863717778898	0.8823949152008972	-0.026776283866092914	-0.030345011519016616	0.5660680338961932
liver_masld	GSE89632	asymmetric	13	-1.1995701490312545	-1.8348354903027688	-1.727408231968111	0.9414512860131503	0.5604491078772622
liver_masld	GSE48452	asymmetric	12	-0.03267877819331629	-0.38454577884656826	-0.3625562709567086	0.9428169307804746	0.6454597957871537
liver_masld	GSE162694	matched	11	1.0512970979179646	0.6434496243171618	0.24262641787727773	0.37707134903490924	0.4819636300467361
liver_masld	GSE126848	matched	9	0.11154962150454957	0.4122943170546459	0.3428531571906196	0.831573812707143	0.606478234306778
liver_masld	GSE83452	matched	9	-0.06877837927487852	-0.2727133807614265	-0.23636578739215297	0.8667187020021181	0.5276755120874852
liver_masld	GSE66676	matched	13	1.3723612949105561	-0.28657488733071934	-0.45656308660152056	1.5931720007085888	0.05367454171544046
liver_masld	GSE63067	unresolved	10	0.8759566449932541	-0.06459223995744293	-0.3930643982257831	6.085319203742686	0.29281413269155687
liver_masld	GSE24807	asymmetric	9	-1.4329505024709026	-1.7521201415836467	-1.6902218332114194	0.9646723378704609	0.5182325608274541
