metabolite	chebi
L-Carnitine	16347
Putrescine	326268
L-Leucine	57427
L-Lysine	32551
L-Proline	60039
Dopamine	59905
L-Methionine	57844
Glycine	57305
L-Glutamine	58359
Creatinine	16737
L-Serine	33384
Citrulline	57743
L-Alanine	57972
Serotonin	350546
L-Valine	57762
Dodecanoylcarnitine	77086
Spermine	45725
L-Tryptophan	16296
Ornithine	46911
Spermidine	57834
L-Tyrosine	58315
Isobutyryl-L-carnitine	84838
L-Asparagine	58048
L-Histidine	57595
Taurine	507393
L-Threonine	57926
L-Phenylalanine	58095
L-Palmitoylcarnitine	17490
L-Kynurenine	57959
L-Arginine	32682
L-Dopa	57504
Histamine	58432
Sarcosine	57433
Carnosine	57485
L-Isoleucine	58045
L-Acetylcarnitine	57589
