cohort_id	gse	platform_gpl	platform_desc	assay	compartment	ancestry_cohort	n_DKD	n_control	control_type	role	independent	note
C1	GSE142025	GPL20301	Illumina HiSeq 4000	RNA-seq	Whole kidney biopsy (cortex)	Chinese (Peking Univ)	27 (21 adv + 6 early)	9	Tumor nephrectomy	Discovery / LODO member	YES	Only RNA-seq cohort; NOT microdissected - compartment differs from all glom sets
C2	GSE30528	GPL571	Affy HG-U133A 2.0	Microarray	Glomeruli (microdissected)	US (Woroniecka)	9	13	Tumor nephrectomy	LODO member	YES	Shares 5 DKD + 4 control patients with GSE30529
C3	GSE96804	GPL17586	Affy HTA-2.0	Microarray	Glomeruli (microdissected)	Chinese	41	20	Tumor nephrectomy	LODO member	YES	Largest glomerular DKD array cohort
C4	GSE104948	GPL22945+GPL24120	Affy U133Plus2 / U133A ENTREZG custom CDF	Microarray	Glomeruli (microdissected)	European (ERCB) + living donors	12	21 living donor + 5 tumor nephrectomy	Living donor (mostly)	LODO member	YES	Two platforms within series -> internal batch; supersedes GSE47183
C5	GSE30529	GPL571	Affy HG-U133A 2.0	Microarray	Tubulointerstitium (microdissected)	US (Woroniecka)	10	12	Tumor nephrectomy	Compartment validation	PARTIAL	Shares 5 DKD + 4 control patients with GSE30528 - NOT fully independent
C6	GSE104954	GPL22945+GPL24120	Affy U133Plus2 / U133A ENTREZG custom CDF	Microarray	Tubulointerstitium (microdissected)	European (ERCB) + living donors	17	21 living donor + 5 tumor nephrectomy	Living donor (mostly)	Compartment validation	PARTIAL	Shares 5 DN + 50 total subjects with GSE104948
X1	GSE30122	GPL571	Affy HG-U133A 2.0	Microarray	Glom + Tub	US (Woroniecka)	19	25 (each duplicated)	Tumor nephrectomy	EXCLUDE	NO	= GSE30528 + GSE30529 + 25 re-runs of the SAME controls. Zero new patients.
X2	GSE47183	GPL11670+GPL14663	Affy ENTREZG custom CDF	Microarray	Glomeruli	European (ERCB)	14 (12 subj)	17 tumor nephrectomy	Tumor nephrectomy	EXCLUDE	NO	DN subject IDs IDENTICAL to GSE104948 (901,910,914,916,932,941,947,1,2,5,8,10)
X3	GSE99340	GPL19109+GPL19184	Affy ENTREZG custom CDF	Microarray	Glom + Tub + cell lines	European (ERCB)	26 subj	-	mixed	EXCLUDE	NO	Superset of ERCB (168 shared subjects with each of C4/C6); ~51 samples are HK2/podocyte cell lines
A1	GSE142153	GPL6480	Agilent 4x44K	Microarray	Peripheral blood (PBMC)	-	23	10 healthy (+7 ESRD)	Healthy	Optional non-invasive axis	YES	Different tissue - do not merge into kidney gene space
A2	GSE131882	-	10x snRNA-seq	snRNA-seq	Kidney (single-nucleus)	US	3	3	Tumor nephrectomy	Cell-type deconvolution support	YES	1.4 GB RAW downloaded; use for cell-type attribution of candidates
