sample	label	subject_id	title	source
GSM2385721	1	GSM2385721	liver_NASH_CL-87	liver
GSM2385728	1	GSM2385728	liver_NASH_CL-97	liver
GSM2385729	1	GSM2385729	liver_NASH_CL-98	liver
GSM2385731	1	GSM2385731	liver_NASH_CL-103	liver
GSM2385732	1	GSM2385732	liver_NASH_CL-106	liver
GSM2385735	1	GSM2385735	liver_NASH_CL-111	liver
GSM2385736	1	GSM2385736	liver_NASH_CL-112	liver
GSM2385737	1	GSM2385737	liver_NASH_CL-113	liver
GSM2385739	1	GSM2385739	liver_NASH_CL-116	liver
GSM2385741	1	GSM2385741	liver_NASH_CL-118	liver
GSM2385742	1	GSM2385742	liver_NASH_CL-128	liver
GSM2385743	1	GSM2385743	liver_NASH_CL-132	liver
GSM2385748	1	GSM2385748	liver_NASH_CL-144	liver
GSM2385750	1	GSM2385750	liver_NASH_CL-147	liver
GSM2385751	1	GSM2385751	liver_NASH_CL-152	liver
GSM2385752	1	GSM2385752	liver_NASH_CL-155	liver
GSM2385753	1	GSM2385753	liver_NASH_CL-157	liver
GSM2385754	1	GSM2385754	liver_NASH_CL-160	liver
GSM2385756	1	GSM2385756	liver_NASH_CL-167	liver
GSM2385757	0	GSM2385757	liver_HC_HLD-1	liver
GSM2385758	0	GSM2385758	liver_HC_HLD-2	liver
GSM2385759	0	GSM2385759	liver_HC_HLD-3	liver
GSM2385760	0	GSM2385760	liver_HC_HLD-4	liver
GSM2385761	0	GSM2385761	liver_HC_HLD-5	liver
GSM2385762	0	GSM2385762	liver_HC_HLD-7	liver
GSM2385763	0	GSM2385763	liver_HC_HLD-8	liver
GSM2385764	0	GSM2385764	liver_HC_HLD-10	liver
GSM2385765	0	GSM2385765	liver_HC_HLD-11	liver
GSM2385766	0	GSM2385766	liver_HC_HLD-13	liver
GSM2385767	0	GSM2385767	liver_HC_HLD-14	liver
GSM2385768	0	GSM2385768	liver_HC_HLD-21	liver
GSM2385769	0	GSM2385769	liver_HC_HLD-23	liver
GSM2385770	0	GSM2385770	liver_HC_HLD-26	liver
GSM2385771	0	GSM2385771	liver_HC_HLD-35	liver
GSM2385772	0	GSM2385772	liver_HC_HLD-36	liver
GSM2385774	0	GSM2385774	liver_HC_HLD-41	liver
GSM2385775	0	GSM2385775	liver_HC_HLD-43	liver
GSM2385776	0	GSM2385776	liver_HC_HLD-47	liver
GSM2385778	0	GSM2385778	liver_HC_HLD-51	liver
GSM2385779	0	GSM2385779	liver_HC_HLD-53	liver
GSM2385780	0	GSM2385780	liver_HC_HLD-55	liver
GSM2385781	0	GSM2385781	liver_HC_HLD-56	liver
GSM2385782	0	GSM2385782	liver_HC_HLD-66	liver
