subset	size	method	cross_fold_jaccard	external_auroc
30528+96804	2	DEG_meta	0.0	0.6020898478215552
30528+96804	2	WGCNA_hub	0.0	0.6295445069835314
30528+96804	2	RBS	0.0	0.6582134667500521
30528+96804	2	RBS_orth	0.0	0.6533406295601417
30528+104948	2	DEG_meta	0.0	0.8360042735042734
30528+104948	2	WGCNA_hub	0.010101010101010102	0.8386752136752137
30528+104948	2	RBS	0.0	0.857905982905983
30528+104948	2	RBS_orth	0.0	0.8306623931623931
30528+142025	2	DEG_meta	0.0	0.8084836973725862
30528+142025	2	WGCNA_hub	0.0	0.7741373852484963
30528+142025	2	RBS	0.0	0.830167774612219
30528+142025	2	RBS_orth	0.0	0.8744855967078189
30528+294519	2	DEG_meta	0.0	0.44834633965068743
30528+294519	2	WGCNA_hub	0.0	0.5514678558156818
30528+294519	2	RBS	0.0	0.5042735042735043
30528+294519	2	RBS_orth	0.02040816326530612	0.47361575622445184
96804+104948	2	DEG_meta	0.010101010101010102	0.7666041275797374
96804+104948	2	WGCNA_hub	0.0	0.7044637273295811
96804+104948	2	RBS	0.010101010101010102	0.7296200750469044
96804+104948	2	RBS_orth	0.0	0.6741166353971232
96804+142025	2	DEG_meta	0.0	0.818776974806785
96804+142025	2	WGCNA_hub	0.0	0.7308265582655826
96804+142025	2	RBS	0.030927835051546393	0.8964317976513099
96804+142025	2	RBS_orth	0.0	0.8616029308441233
96804+294519	2	DEG_meta	0.0	0.7787013622644587
96804+294519	2	WGCNA_hub	0.0	0.6630495962150257
96804+294519	2	RBS	0.010101010101010102	0.7558161350844277
96804+294519	2	RBS_orth	0.010101010101010102	0.7376804796476057
104948+142025	2	DEG_meta	0.0	0.8906299461855016
104948+142025	2	WGCNA_hub	0.010101010101010102	0.8856441911997468
104948+142025	2	RBS	0.0	0.8899572649572649
104948+142025	2	RBS_orth	0.010101010101010102	0.8638414055080721
104948+294519	2	DEG_meta	0.0	0.7341137123745819
104948+294519	2	WGCNA_hub	0.0	0.8669871794871795
104948+294519	2	RBS	0.010101010101010102	0.8701923076923077
104948+294519	2	RBS_orth	0.030927835051546393	0.7846293199554069
142025+294519	2	DEG_meta	0.02040816326530612	0.865064618687807
142025+294519	2	WGCNA_hub	0.0	0.7558803694069394
142025+294519	2	RBS	0.010101010101010102	0.8289221960719545
142025+294519	2	RBS_orth	0.010101010101010102	0.8334227947754518
30528+96804+104948	3	DEG_meta	0.04960406394740774	0.67989368355222
30528+96804+104948	3	WGCNA_hub	0.1544989944834966	0.8172521020081996
30528+96804+104948	3	RBS	0.20562359801031257	0.8279393370856786
30528+96804+104948	3	RBS_orth	0.17932218629314875	0.79096657633243
30528+96804+142025	3	DEG_meta	0.07220252167060677	0.8335299582815391
30528+96804+142025	3	WGCNA_hub	0.06057138134157312	0.7935106046217157
30528+96804+142025	3	RBS	0.2105732873012518	0.8632652352164548
30528+96804+142025	3	RBS_orth	0.17082813150228882	0.7839413522340352
30528+96804+294519	3	DEG_meta	0.038978494623655914	0.770605420658443
30528+96804+294519	3	WGCNA_hub	0.03450744558991981	0.7029145631478612
30528+96804+294519	3	RBS	0.12285398905563776	0.7670027764937627
30528+96804+294519	3	RBS_orth	0.13838755496090321	0.7731368941337128
30528+104948+142025	3	DEG_meta	0.09780202403542061	0.8271473039991558
30528+104948+142025	3	WGCNA_hub	0.287741794070908	0.9029492455418381
30528+104948+142025	3	RBS	0.17657915879530106	0.8856705708557561
30528+104948+142025	3	RBS_orth	0.1403798331902907	0.8212514508810805
30528+104948+294519	3	DEG_meta	0.07212475633528265	0.8241205252074817
30528+104948+294519	3	WGCNA_hub	0.09713796202673858	0.7569212188777406
30528+104948+294519	3	RBS	0.13429563665289176	0.8011581815929641
30528+104948+294519	3	RBS_orth	0.12916160074501384	0.8346494487798836
30528+142025+294519	3	DEG_meta	0.10007053210983162	0.6700019727394929
30528+142025+294519	3	WGCNA_hub	0.10145699479565455	0.8202008524069715
30528+142025+294519	3	RBS	0.15055168408826944	0.7224951943148401
30528+142025+294519	3	RBS_orth	0.09725859961585472	0.7230181996687631
96804+104948+142025	3	DEG_meta	0.10908563240282236	0.9917695473251028
96804+104948+142025	3	WGCNA_hub	0.10676837480961192	0.9295750044395031
96804+104948+142025	3	RBS	0.2397119341563786	0.9601678132165937
96804+104948+142025	3	RBS_orth	0.15383066545857244	0.9418490723368773
96804+104948+294519	3	DEG_meta	0.04657247514390372	0.7956286084599977
96804+104948+294519	3	WGCNA_hub	0.09571664844560311	0.7632671234739102
96804+104948+294519	3	RBS	0.1740498668603244	0.9128327487288251
96804+104948+294519	3	RBS_orth	0.15152216550732758	0.8206229436876308
96804+142025+294519	3	DEG_meta	0.06805475226527857	0.9073196076318499
96804+142025+294519	3	WGCNA_hub	0.0942224134970472	0.7598683747479945
96804+142025+294519	3	RBS	0.17679255610290093	0.8318357017956405
96804+142025+294519	3	RBS_orth	0.18172908082546635	0.9022392887127187
104948+142025+294519	3	DEG_meta	0.11989459815546771	0.9428186547751766
104948+142025+294519	3	WGCNA_hub	0.13839009834560445	0.8303117157787047
104948+142025+294519	3	RBS	0.1945461945461945	0.9802118171683389
104948+142025+294519	3	RBS_orth	0.17797557619539042	0.9402173913043478
30528+96804+104948+142025	4	DEG_meta	0.15053330314562244	0.8836004273504274
30528+96804+104948+142025	4	WGCNA_hub	0.25830138226021065	0.8033265389633953
30528+96804+104948+142025	4	RBS	0.3029732409901728	0.9200659266208047
30528+96804+104948+142025	4	RBS_orth	0.23909723347985548	0.8611889471814945
30528+96804+104948+294519	4	DEG_meta	0.12486309418801006	0.7432063517959595
30528+96804+104948+294519	4	WGCNA_hub	0.1813832517596156	0.7767926738631934
30528+96804+104948+294519	4	RBS	0.25756322856810326	0.8813457913007223
30528+96804+104948+294519	4	RBS_orth	0.24138374310711433	0.8103386627511759
30528+96804+142025+294519	4	DEG_meta	0.18028916960475871	0.8753549672248859
30528+96804+142025+294519	4	WGCNA_hub	0.19224587745087826	0.8442742075445032
30528+96804+142025+294519	4	RBS	0.20081022183692507	0.8025626590961809
30528+96804+142025+294519	4	RBS_orth	0.18911344775271907	0.8565938244078339
30528+104948+142025+294519	4	DEG_meta	0.235599142426736	0.8607588566827696
30528+104948+142025+294519	4	WGCNA_hub	0.2994000069163468	0.8595313424721637
30528+104948+142025+294519	4	RBS	0.2594941758906392	0.8642396809667341
30528+104948+142025+294519	4	RBS_orth	0.23015746663021183	0.8620083061508181
96804+104948+142025+294519	4	DEG_meta	0.19860120924066801	0.9260878062375941
96804+104948+142025+294519	4	WGCNA_hub	0.2863204999482751	0.7894810002695593
96804+104948+142025+294519	4	RBS	0.26574321030059117	0.9390677257525084
96804+104948+142025+294519	4	RBS_orth	0.2648491112854821	0.9086164586562253
30528+96804+104948+142025+294519	5	DEG_meta	0.23889964648039969	0.8042699258158196
30528+96804+104948+142025+294519	5	WGCNA_hub	0.37184413638982894	0.8049376304366289
30528+96804+104948+142025+294519	5	RBS	0.30887587034972236	0.9054973216956249
30528+96804+104948+142025+294519	5	RBS_orth	0.2814998241830562	0.8872049559960482
