power	sft_r2	trait_module_cor	trait_module_size	n_modules	held	subset
6	0.858182029700991	-0.774590816813045	1208	12	GSE30528	30528+96804
20	0.854996568914254	-0.940229812380072	588	9	GSE96804	30528+96804
20	0.888533666277742	0.829651215378772	632	5	GSE30528	30528+104948
20	0.854996568914254	-0.940229812380072	588	9	GSE104948	30528+104948
8	0.854322497437757	-0.806843417879227	153	16	GSE30528	30528+142025
20	0.854996568914254	-0.940229812380072	588	9	GSE142025	30528+142025
8	0.858979286903628	0.492768323226786	7417	4	GSE30528	30528+294519
20	0.854996568914254	-0.940229812380072	588	9	GSE294519	30528+294519
20	0.888533666277742	0.829651215378772	632	5	GSE96804	96804+104948
6	0.858182029700991	-0.774590816813045	1208	12	GSE104948	96804+104948
8	0.854322497437757	-0.806843417879227	153	16	GSE96804	96804+142025
6	0.858182029700991	-0.774590816813045	1208	12	GSE142025	96804+142025
8	0.858979286903628	0.492768323226786	7417	4	GSE96804	96804+294519
6	0.858182029700991	-0.774590816813045	1208	12	GSE294519	96804+294519
8	0.854322497437757	-0.806843417879227	153	16	GSE104948	104948+142025
20	0.888533666277742	0.829651215378772	632	5	GSE142025	104948+142025
8	0.858979286903628	0.492768323226786	7417	4	GSE104948	104948+294519
20	0.888533666277742	0.829651215378772	632	5	GSE294519	104948+294519
8	0.858979286903628	0.492768323226786	7417	4	GSE142025	142025+294519
8	0.854322497437757	-0.806843417879227	153	16	GSE294519	142025+294519
10	0.851005040704824	0.632276806533673	99	9	GSE30528	30528+96804+104948
14	0.874435526930444	0.807970818216488	467	9	GSE96804	30528+96804+104948
7	0.858118413743027	-0.63452755933849	132	14	GSE104948	30528+96804+104948
4	0.887363575937764	-0.758333620596	64	12	GSE30528	30528+96804+142025
7	0.877500650470009	-0.7511899245125	208	23	GSE96804	30528+96804+142025
7	0.858118413743027	-0.63452755933849	132	14	GSE142025	30528+96804+142025
6	0.86804663073688	0.672497051555787	566	11	GSE30528	30528+96804+294519
9	0.865558391226237	0.650714643381896	483	7	GSE96804	30528+96804+294519
7	0.858118413743027	-0.63452755933849	132	14	GSE294519	30528+96804+294519
9	0.860758234693048	0.641606827003765	2071	17	GSE30528	30528+104948+142025
7	0.877500650470009	-0.7511899245125	208	23	GSE104948	30528+104948+142025
14	0.874435526930444	0.807970818216488	467	9	GSE142025	30528+104948+142025
12	0.884562505302568	0.68446648777034	385	3	GSE30528	30528+104948+294519
9	0.865558391226237	0.650714643381896	483	7	GSE104948	30528+104948+294519
14	0.874435526930444	0.807970818216488	467	9	GSE294519	30528+104948+294519
8	0.854000000687422	0.548288466951083	3181	7	GSE30528	30528+142025+294519
9	0.865558391226237	0.650714643381896	483	7	GSE142025	30528+142025+294519
7	0.877500650470009	-0.7511899245125	208	23	GSE294519	30528+142025+294519
9	0.860758234693048	0.641606827003765	2071	17	GSE96804	96804+104948+142025
4	0.887363575937764	-0.758333620596	64	12	GSE104948	96804+104948+142025
10	0.851005040704824	0.632276806533673	99	9	GSE142025	96804+104948+142025
12	0.884562505302568	0.68446648777034	385	3	GSE96804	96804+104948+294519
6	0.86804663073688	0.672497051555787	566	11	GSE104948	96804+104948+294519
10	0.851005040704824	0.632276806533673	99	9	GSE294519	96804+104948+294519
8	0.854000000687422	0.548288466951083	3181	7	GSE96804	96804+142025+294519
6	0.86804663073688	0.672497051555787	566	11	GSE142025	96804+142025+294519
4	0.887363575937764	-0.758333620596	64	12	GSE294519	96804+142025+294519
8	0.854000000687422	0.548288466951083	3181	7	GSE104948	104948+142025+294519
12	0.884562505302568	0.68446648777034	385	3	GSE142025	104948+142025+294519
9	0.860758234693048	0.641606827003765	2071	17	GSE294519	104948+142025+294519
4	0.85798702353863	0.566348475705914	2038	13	GSE30528	30528+96804+104948+142025
7	0.87625243328672	0.651241880410148	1927	18	GSE96804	30528+96804+104948+142025
4	0.880858893714205	-0.638458231308921	61	14	GSE104948	30528+96804+104948+142025
9	0.863877340742444	0.596846966949244	1203	10	GSE142025	30528+96804+104948+142025
6	0.889520858767293	0.596126696666051	199	12	GSE30528	30528+96804+104948+294519
8	0.90092668204274	0.691523356153394	946	8	GSE96804	30528+96804+104948+294519
5	0.877764066239467	0.567118454078479	424	12	GSE104948	30528+96804+104948+294519
9	0.863877340742444	0.596846966949244	1203	10	GSE294519	30528+96804+104948+294519
5	0.908257717835412	0.558806240209863	253	13	GSE30528	30528+96804+142025+294519
8	0.918582138069376	0.511014390209921	2675	10	GSE96804	30528+96804+142025+294519
5	0.877764066239467	0.567118454078479	424	12	GSE142025	30528+96804+142025+294519
4	0.880858893714205	-0.638458231308921	61	14	GSE294519	30528+96804+142025+294519
8	0.893092522911503	0.581990746409361	2309	7	GSE30528	30528+104948+142025+294519
8	0.918582138069376	0.511014390209921	2675	10	GSE104948	30528+104948+142025+294519
8	0.90092668204274	0.691523356153394	946	8	GSE142025	30528+104948+142025+294519
7	0.87625243328672	0.651241880410148	1927	18	GSE294519	30528+104948+142025+294519
8	0.893092522911503	0.581990746409361	2309	7	GSE96804	96804+104948+142025+294519
5	0.908257717835412	0.558806240209863	253	13	GSE104948	96804+104948+142025+294519
6	0.889520858767293	0.596126696666051	199	12	GSE142025	96804+104948+142025+294519
4	0.85798702353863	0.566348475705914	2038	13	GSE294519	96804+104948+142025+294519
5	0.899651606268601	0.551467970136689	2356	14	GSE30528	30528+96804+104948+142025+294519
6	0.875387003821526	0.608046657510588	1948	14	GSE96804	30528+96804+104948+142025+294519
4	0.8652952830845	0.540440879333297	2506	14	GSE104948	30528+96804+104948+142025+294519
5	0.860122949535585	0.580605278939107	2221	14	GSE142025	30528+96804+104948+142025+294519
7	0.887212438174047	0.581106783017743	2048	15	GSE294519	30528+96804+104948+142025+294519
