level	key	n	n_negative	min_diff	median_diff	max_diff	sign	per_seed	negative_subsets
seed	20260825	10	1	-0.0078911519721138	0.14372373038386935	0.1738445473803712	mixed		GSE89632+GSE48452+GSE83452
seed	20261825	10	1	-0.0168864226052181	0.12606654931805633	0.1666495538964066	mixed		GSE89632+GSE48452+GSE83452
seed	20262825	10	1	-0.0142495185598634	0.12907909844301055	0.1738445473803712	mixed		GSE89632+GSE48452+GSE83452
seed	20263825	10	1	-0.0094987157494262	0.14054926685210717	0.1637612111034037	mixed		GSE89632+GSE48452+GSE83452
seed	20264825	10	1	-0.0149093435697556	0.1313558561747732	0.167537543236331	mixed		GSE89632+GSE48452+GSE83452
subset	GSE162694+GSE126848+GSE83452	5	0	0.1500906882017447	0.1607744488855054	0.1738445473803712	positive in all	+0.1738;+0.1604;+0.1738;+0.1501;+0.1608	
subset	GSE48452+GSE126848+GSE83452	5	0	0.1413004361685385	0.1516071029948351	0.160912600752268	positive in all	+0.1516;+0.1474;+0.1596;+0.1609;+0.1413	
subset	GSE48452+GSE162694+GSE126848	5	0	0.1061100192513326	0.1288747299643934	0.148102044926507	positive in all	+0.1373;+0.1289;+0.1061;+0.1481;+0.1164	
subset	GSE48452+GSE162694+GSE83452	5	0	0.1002117697344135	0.1320673891086467	0.151212094751282	positive in all	+0.1512;+0.1233;+0.1469;+0.1321;+0.1002	
subset	GSE89632+GSE126848+GSE83452	5	0	0.1066185843151291	0.1101981948535025	0.1248126702441271	positive in all	+0.1102;+0.1066;+0.1139;+0.1086;+0.1248	
subset	GSE89632+GSE162694+GSE126848	5	0	0.1532134767746927	0.1637612111034037	0.167537543236331	positive in all	+0.1532;+0.1666;+0.1590;+0.1638;+0.1675	
subset	GSE89632+GSE162694+GSE83452	5	0	0.0895324197334787	0.1168002249651107	0.1233832160527536	positive in all	+0.1147;+0.1181;+0.1234;+0.1168;+0.0895	
subset	GSE89632+GSE48452+GSE126848	5	0	0.1331722246152263	0.1347749808332675	0.1456525171507096	positive in all	+0.1457;+0.1332;+0.1348;+0.1343;+0.1430	
subset	GSE89632+GSE48452+GSE162694	5	0	0.1116359718183426	0.1378990421054193	0.1468135123212346	positive in all	+0.1418;+0.1116;+0.1231;+0.1468;+0.1379	
subset	GSE89632+GSE48452+GSE83452	5	5	-0.0168864226052181	-0.0142495185598634	-0.0078911519721138	negative in all	-0.0079;-0.0169;-0.0142;-0.0095;-0.0149	20260825;20261825;20262825;20263825;20264825
all	total	50	5	-0.0168864226052181	0.1345300011081236	0.1738445473803712	1 subset(s) ever negative		GSE89632+GSE48452+GSE83452
