gene	n_pass	n_dx	median_g
LUM	6	6	0.9121579715921
MOXD1	6	6	0.88756791164853
THBS2	6	6	1.0741969530209836
FMOD	6	6	1.1635483040457837
MMP2	6	6	0.9156006228287176
CCND2	6	6	0.7277431774143325
C1orf21	6	6	-0.6987496887664026
ARL4C	5	6	0.7578384413211912
TNNT2	5	6	-0.7322610814727869
SYT11	5	6	0.672778697911407
SOX4	5	6	0.8525668091475748
COL1A2	5	6	0.7329691701067377
ACTN1	5	6	0.7669887849133599
MMP7	5	6	0.6744082947892236
HDAC9	5	6	0.6759124212638652
VCAN	5	6	0.7157259690258333
FKBP5	4	6	-0.6517746379059475
MS4A6A	4	6	0.7367832411322718
SACS	4	6	0.6497933401136002
FOLR2	4	6	0.7416414080992428
CALHM2	4	6	0.6976857428705443
CD247	4	6	0.6054035474457238
CA10	4	6	-0.6325793232380192
MARCKS	4	6	0.7369773751758735
CASP1	4	6	0.6956421184062751
RNASE6	4	6	0.6166403831247764
CTNNBIP1	4	6	-0.7002696180377393
TNFRSF12A	4	6	0.6991134941720265
CCDC91	3	6	-0.4943580009917222
TYROBP	3	6	0.6005572294496073
