method	K	external	external_sd	internal	boot_jaccard	kuncheva	null_pct	null_z	cross_fold_jaccard	gap
boruta	5	0.7654263081092348	0.07801834646540974	0.9603339345839347	0.21192373746146664	0.3429783756345178	0.7322222222222221	0.7167678781946475	0.037037037037037035	0.19490762647469984
boruta	10	0.7138524077548468	0.1524556300187233	0.9716938431938432	0.21192373746146664	0.3429783756345178	0.5866666666666666	0.3445293601716988	0.017543859649122806	0.2578414354389964
boruta	20	0.7522739906886248	0.059347945134384225	0.9765327080327081	0.21192373746146664	0.3429783756345178	0.6311111111111111	0.4358273339745733	0.017094017094017092	0.2242587173440833
boruta	50	0.7795775137238552	0.062230194297371456	0.9759683742183741	0.21192373746146664	0.3429783756345178	0.6333333333333333	0.4532640702721024	0.04259094942324756	0.19639086049451893
boruta	100	0.7976287262872628	0.04643864190918289	0.9759683742183741	0.21192373746146664	0.3429783756345178	0.6144444444444445	0.40375469250854756	0.06717720077881921	0.17833964793111134
elastic_net	5	0.7794559099437149	0.08529679792406249	0.9940686628186629	0.16385290038194353	0.27460639593908626	0.7588888888888888	0.7882645220203561	0.037037037037037035	0.21461275287494797
elastic_net	10	0.7508251685080953	0.1691108349776902	0.9886189273689273	0.16385290038194353	0.27460639593908626	0.6611111111111111	0.5648690165417234	0.037037037037037035	0.23779375886083198
elastic_net	20	0.810546522131888	0.095049695095801	0.9902248677248678	0.16385290038194353	0.27460639593908626	0.7811111111111111	0.8370121632183146	0.047619047619047616	0.1796783455929798
elastic_net	50	0.7850045167118337	0.035659519098866145	0.991462962962963	0.16385290038194353	0.27460639593908626	0.62	0.40512187474731814	0.0404040404040404	0.2064584462511293
elastic_net	100	0.7947397679104995	0.025766814987602693	0.991462962962963	0.16385290038194353	0.27460639593908626	0.5977777777777779	0.35524652975067994	0.05420298918628788	0.1967231950524635
lasso	5	0.8294854422903203	0.07745749324709615	0.9555651755651756	0.1276227644801531	0.21908598984771568	0.8233333333333333	1.0463517836309342	0.037037037037037035	0.12607973327485533
lasso	10	0.8225001737196859	0.12268399759270056	0.9890854978354979	0.1276227644801531	0.21908598984771568	0.8088888888888889	0.9656711485638768	0.037037037037037035	0.16658532411581206
lasso	20	0.8220259189771385	0.0861496321399149	0.9895055315055314	0.1276227644801531	0.21908598984771568	0.8011111111111111	0.9097495704087554	0.017543859649122806	0.16747961252839294
lasso	50	0.8634337433117921	0.04801408908233805	0.9889873737373738	0.1276227644801531	0.21908598984771568	0.8344444444444444	1.100389865056808	0.0460004687508932	0.12555363042558165
lasso	100	0.8592001945660481	0.08019844325060253	0.9823457190957191	0.1276227644801531	0.21908598984771568	0.7844444444444445	1.0379753261806688	0.07421330426780522	0.12314552452967098
mrmr	5	0.6903203391008269	0.22404223383361271	0.980487012987013	0.23086520006985292	0.36771329949238574	0.6188888888888889	0.3605908971848024	0.037037037037037035	0.2901666738861861
mrmr	10	0.729410742825377	0.15208560751510644	0.98621632996633	0.23086520006985292	0.36771329949238574	0.63	0.43316144021278963	0.037037037037037035	0.25680558714095303
mrmr	20	0.8184386074629977	0.06551659886300303	0.9875258537758538	0.23086520006985292	0.36771329949238574	0.7811111111111111	0.8691951125717967	0.037037037037037035	0.1690872463128561
mrmr	50	0.8103050517684665	0.022325072830332995	0.9864647667147667	0.23086520006985292	0.36771329949238574	0.7044444444444444	0.657232828716816	0.03578822833481218	0.17615971494630023
mrmr	100	0.7663209644916962	0.01232269360267604	0.9864647667147667	0.23086520006985292	0.36771329949238574	0.4955555555555555	0.07485688816556069	0.03915523170181555	0.2201438022230705
rbs	5	0.7439979848516435	0.13279640628756345	0.9744997594997596	0.17785801265847048		0.6888888888888888	0.6182139551930076	0.037037037037037	0.23050177464811616
rbs	10	0.7354144951705927	0.15616753091865462	0.9849140211640212	0.17785801265847048		0.6444444444444445	0.47046860625195075	0.037037037037037	0.2494995259934285
rbs	20	0.7731742061010354	0.08556965676972826	0.9797763347763347	0.17785801265847048		0.6822222222222223	0.585035101979187	0.0831930831930831	0.20660212867529937
rbs	50	0.8511778194705024	0.09318080683439361	0.9866119528619528	0.17785801265847048		0.8233333333333333	1.0522584125830894	0.1919652918638719	0.13543413339145038
rbs	100	0.8760631644777986	0.029079443947645625	0.9895033670033669	0.17785801265847048		0.8255555555555555	1.0795944017954116	0.2302337944932804	0.1134402025255683
relieff	5	0.7785699395455493	0.07685319927792102	0.9840145502645502	0.16021295210325295	0.26770152284263954	0.7477777777777778	0.7847430415408118	0.07407407407407407	0.2054446107190009
relieff	10	0.7670488499756791	0.16095589647144468	0.9715343915343914	0.16021295210325295	0.26770152284263954	0.7022222222222222	0.6558107732512415	0.10087719298245613	0.20448554155871224
relieff	20	0.7864516016955041	0.09221481005000272	0.9865013227513227	0.16021295210325295	0.26770152284263954	0.7033333333333333	0.6714643478872043	0.04558404558404558	0.20004972105581864
relieff	50	0.7692377180182058	0.10829843539436548	0.9853703703703705	0.16021295210325295	0.26770152284263954	0.5822222222222222	0.35143382031260356	0.04973320484645124	0.2161326523521646
relieff	100	0.8291571120839413	0.06823019585494033	0.9853703703703705	0.16021295210325295	0.26770152284263954	0.6933333333333334	0.6186016261235351	0.05118047393089838	0.15621325828642918
rf	5	0.6970502397331666	0.18738039648194874	0.931549062049062	0.11646169625872503	0.20264964467005067	0.6211111111111111	0.3877204010360475	0.037037037037037035	0.23449882231589536
rf	10	0.7264939892988673	0.18460444842048138	0.9783048340548341	0.11646169625872503	0.20264964467005067	0.6255555555555555	0.42210553916944143	0.017543859649122806	0.2518108447559668
rf	20	0.7597995274824543	0.06585207564196512	0.990841750841751	0.11646169625872503	0.20264964467005067	0.6544444444444445	0.4885804295777931	0.008547008547008546	0.2310422233592967
rf	50	0.7930060454450699	0.06510181023463098	0.9930075757575758	0.11646169625872503	0.20264964467005067	0.6755555555555555	0.5611653734159461	0.046097506685327645	0.2000015303125059
rf	100	0.7930060454450697	0.035772416946148425	0.9930075757575758	0.11646169625872503	0.20264964467005067	0.5944444444444444	0.3502832887529639	0.06756831577135064	0.20000153031250612
univariate	5	0.6976009311375164	0.22387772963437172	0.9686952861952863	0.24690232398718895	0.38796893401015226	0.6322222222222222	0.39870498873907984	0.037037037037037035	0.2710943550577699
univariate	10	0.7108887499131402	0.14640879820440833	0.9731583694083694	0.24690232398718895	0.38796893401015226	0.5833333333333334	0.3176055533560301	0.017543859649122806	0.2622696194952292
univariate	20	0.7456448474741157	0.08400060484133828	0.9841329966329967	0.24690232398718895	0.38796893401015226	0.6111111111111112	0.4097270925316157	0.017543859649122806	0.23848814915888095
univariate	50	0.7951323744006671	0.07173316646671596	0.987868686868687	0.24690232398718895	0.38796893401015226	0.6755555555555555	0.5878005100114928	0.03182361246877376	0.19273631246801992
univariate	100	0.8446442220832465	0.09073439967082507	0.987868686868687	0.24690232398718895	0.38796893401015226	0.6711111111111111	0.7083576932366699	0.040439335370210945	0.1432244647854405
