arm	held_out	K	external_auroc	spec_pass_frac	procurement_frac	cross_fold_jaccard	spec_background_rate	spec_enrichment	gate_fdr_estimate
none	GSE30528	10	0.7948717948717949	0.0	0.9	0.2278244631185807	0.08282828282828283	0.0	0.16665853658536586
none	GSE30528	20	0.7777777777777777	0.15	0.7	0.2414290690152759	0.08282828282828283	1.8109756097560974	0.16665853658536586
none	GSE30528	50	0.8376068376068376	0.26	0.36	0.3026584893811645	0.08282828282828283	3.139024390243902	0.16665853658536586
none	GSE96804	10	0.9829268292682928	0.3	0.2	0.2278244631185807	0.08282828282828283	3.621951219512195	0.16665853658536586
none	GSE96804	20	0.9890243902439024	0.4	0.15	0.2414290690152759	0.08282828282828283	4.829268292682927	0.16665853658536586
none	GSE96804	50	0.998780487804878	0.38	0.18	0.3026584893811645	0.08282828282828283	4.587804878048781	0.16665853658536586
none	GSE104948	10	0.951923076923077	0.1	0.9	0.2278244631185807	0.08282828282828283	1.2073170731707317	0.16665853658536586
none	GSE104948	20	0.9358974358974358	0.25	0.6	0.2414290690152759	0.08282828282828283	3.018292682926829	0.16665853658536586
none	GSE104948	50	0.971153846153846	0.32	0.34	0.3026584893811645	0.08282828282828283	3.8634146341463413	0.16665853658536586
none	GSE142025	10	1.0	0.3	0.2	0.2278244631185807	0.08282828282828283	3.621951219512195	0.16665853658536586
none	GSE142025	20	1.0	0.2	0.3	0.2414290690152759	0.08282828282828283	2.4146341463414633	0.16665853658536586
none	GSE142025	50	1.0	0.3	0.24	0.3026584893811645	0.08282828282828283	3.621951219512195	0.16665853658536586
orth	GSE30528	10	0.7350427350427351	0.3	0.1	0.2037037037037037	0.08282828282828283	3.621951219512195	0.16665853658536586
orth	GSE30528	20	0.8547008547008547	0.3	0.15	0.2083798817669785	0.08282828282828283	3.621951219512195	0.16665853658536586
orth	GSE30528	50	0.8974358974358974	0.44	0.06	0.2477479764957393	0.08282828282828283	5.312195121951219	0.16665853658536586
orth	GSE96804	10	0.8926829268292683	0.4	0.0	0.2037037037037037	0.08282828282828283	4.829268292682927	0.16665853658536586
orth	GSE96804	20	0.9195121951219511	0.4	0.0	0.2083798817669785	0.08282828282828283	4.829268292682927	0.16665853658536586
orth	GSE96804	50	0.9414634146341464	0.34	0.0	0.2477479764957393	0.08282828282828283	4.1048780487804875	0.16665853658536586
orth	GSE104948	10	0.8461538461538461	0.5	0.0	0.2037037037037037	0.08282828282828283	6.036585365853658	0.16665853658536586
orth	GSE104948	20	0.9775641025641026	0.55	0.05	0.2083798817669785	0.08282828282828283	6.640243902439025	0.16665853658536586
orth	GSE104948	50	0.903846153846154	0.44	0.12	0.2477479764957393	0.08282828282828283	5.312195121951219	0.16665853658536586
orth	GSE142025	10	0.9670781893004116	0.5	0.1	0.2037037037037037	0.08282828282828283	6.036585365853658	0.16665853658536586
orth	GSE142025	20	1.0	0.45	0.1	0.2083798817669785	0.08282828282828283	5.432926829268292	0.16665853658536586
orth	GSE142025	50	1.0	0.44	0.08	0.2477479764957393	0.08282828282828283	5.312195121951219	0.16665853658536586
penalty	GSE30528	10	0.5982905982905983	0.3	0.2	0.125805967911231	0.08282828282828283	3.621951219512195	0.16665853658536586
penalty	GSE30528	20	0.4871794871794872	0.45	0.15	0.1827954180895357	0.08282828282828283	5.432926829268292	0.16665853658536586
penalty	GSE30528	50	0.8376068376068375	0.36	0.14	0.2770391018572229	0.08282828282828283	4.346341463414634	0.16665853658536586
penalty	GSE96804	10	0.7926829268292683	0.4	0.0	0.125805967911231	0.08282828282828283	4.829268292682927	0.16665853658536586
penalty	GSE96804	20	0.8085365853658537	0.45	0.0	0.1827954180895357	0.08282828282828283	5.432926829268292	0.16665853658536586
penalty	GSE96804	50	0.9841463414634146	0.44	0.02	0.2770391018572229	0.08282828282828283	5.312195121951219	0.16665853658536586
penalty	GSE104948	10	0.7596153846153846	0.4	0.2	0.125805967911231	0.08282828282828283	4.829268292682927	0.16665853658536586
penalty	GSE104948	20	0.8685897435897436	0.5	0.1	0.1827954180895357	0.08282828282828283	6.036585365853658	0.16665853658536586
penalty	GSE104948	50	0.9166666666666666	0.36	0.18	0.2770391018572229	0.08282828282828283	4.346341463414634	0.16665853658536586
penalty	GSE142025	10	0.8477366255144033	0.3	0.0	0.125805967911231	0.08282828282828283	3.621951219512195	0.16665853658536586
penalty	GSE142025	20	0.7407407407407408	0.3	0.1	0.1827954180895357	0.08282828282828283	3.621951219512195	0.16665853658536586
penalty	GSE142025	50	0.9958847736625512	0.34	0.1	0.2770391018572229	0.08282828282828283	4.1048780487804875	0.16665853658536586
