cohort	gene	dkd_vs_control	otherckd_vs_control
GSE104948	FOS	-0.4623501863321074	-0.5843586238765842
GSE104948	FOSB	-1.3194420131840998	-2.3948161504757794
GSE104948	JUN	-0.4991510954283784	-0.8310945358442957
GSE104948	JUNB	-0.6737120567915955	-0.6735774745493538
GSE104948	EGR1	-0.49612265997051463	-1.065650397409729
GSE104948	ATF3	-0.5388295570801108	-0.9874296828986103
GSE104948	DUSP1	-1.70599319467171	-1.5376718906666311
GSE104948	ZFP36	-1.6881444956777618	-1.4209787717236892
GSE104948	NR4A2	-1.2926503810596777	-2.5295050896950624
GSE104948	BTG2	-1.951839460800783	-1.334677236541694
GSE104948	EGR2	0.06720108341459863	0.11484289097740169
GSE104948	EGR3	0.44149382081218647	0.2037522632174261
GSE104948	IER2	0.633105621460338	0.4967398797335438
GSE104948	KLF2	0.1271104391222308	0.13048713287635
GSE104948	KLF4	-0.23625679734661992	-0.41426270344328775
GSE104948	SOCS3	-0.8087213140766504	-0.5813549912919376
GSE104948	DUSP2	-0.7533918400391914	-0.5382840133721677
GSE104948	JUND	-0.17600781227952544	-0.41119221796946076
GSE104948	NR4A1	-0.6118149083961698	-1.0119461831244634
GSE104954	FOS	-1.3090892102823999	-1.876314834040326
GSE104954	FOSB	-1.560830359081399	-2.584138602426996
GSE104954	JUN	-0.516643255910487	-1.1928859489292563
GSE104954	JUNB	-1.0788266554879278	-1.652493552470672
GSE104954	EGR1	-1.1551955338316484	-2.006419801547642
GSE104954	ATF3	-0.9886484764072274	-1.7976048567167076
GSE104954	DUSP1	-2.8097577031858445	-2.8045293049337134
GSE104954	ZFP36	-2.4334715944285525	-2.8774804555471007
GSE104954	NR4A2	-1.2054446791951416	-2.623789773513369
GSE104954	BTG2	-0.7973783228730965	-1.3775453443846708
GSE104954	EGR2	-0.5187766239375357	-0.867615791888532
GSE104954	EGR3	-0.8262841014423389	-1.090775585410311
GSE104954	IER2	-0.5577866430295233	-1.4079210041440258
GSE104954	KLF2	0.5491162525431154	-0.08669271777277489
GSE104954	KLF4	-0.2521036223505283	-0.6961319025741262
GSE104954	SOCS3	-0.472508776485003	-0.5510943674382189
GSE104954	DUSP2	-0.7878766653169645	-0.9368758120017534
GSE104954	JUND	-1.255539390422717	-1.9414519098438254
GSE104954	NR4A1	-2.3578693397353194	-2.9641743722967173
