gene	mean_rank	mean_S	mean_R	mean_P	g_DKD_vs_control	g_DKD_vs_otherCKD	above_perm_ceiling	pattern_glom	pattern_tubulo	donor_driven	pattern_class	n_dkd	n_dkd_biomarker	verdict	ambiguity_note	sn_top_celltype	sn_top_foldchange	protein_glom_vs_TI_FC	protein_adjP	lit_novel	data_strong	tier	rank_naive_control	rank_matched_control	rank_shift_on_substitution
PRSS23	178.0	0.0491666666666666	0.0109790468189769	0.0479405034324942	1.6188106277480727	0.50580418033048	False	B DN-dominant	C shared	False	B	0	0	kidney-studied, NOT in DKD		Corticomedullary Fibroblast	2.66338327684706	-0.109406494105514	0.878976809528681	True	True	1 - novel AND strong	414.0	790.0	376.0
OLFML3	235.25	0.0549999999999999	0.0088003564471674	0.1286810776942355	0.4501209650574029	0.6259086279681215	False	B DN-dominant	C shared	False	B	0	0	NOVEL - no kidney literature		OSMRlo Inflammatory Cortical Inter	5.24353808585506	-2.06136577842348	2.24439399640125e-07	True	True	1 - novel AND strong	5530.0	377.0	-5153.0
FMOD	117.5	0.0454166666666666	0.0210432718868672	0.0265019199801808	1.1943290179637884	1.2833393670261586	True	A unique-to-DN	B DN-dominant	False	A	4	3	ALREADY PROPOSED as DKD marker		Interstitial Fibroblast (<i>degene	5.52883215892634	-0.666564169776315	0.414257464249834	False	True	2 - strong, already reported	1264.0	4.0	-1260.0
MOXD1	168.25	0.0374999999999999	0.0167654976855828	0.013139500347637	1.830840727135273	0.9483290120951264	True	A unique-to-DN	C shared	False	A	1	0	reported in DKD (few papers)		Corticomedullary Fibroblast	5.35186053094227	-2.30534177205358	6.43424544630843e-07	False	True	2 - strong, already reported	204.0	40.0	-164.0
MMP2	194.75	0.0237499999999999	0.0209799256886089	0.0043290854572713	1.7105076130711687	1.0264289473342054	True	A unique-to-DN	A unique-to-DN	False	A	147	29	ALREADY PROPOSED as DKD marker		Interstitial Fibroblast (<i>degene	4.93192813216257	0.85651514380781	0.184190575764249	False	True	2 - strong, already reported	307.0	24.0	-283.0
LUM	223.75	0.0258333333333333	0.0100010652543394	0.0065033272837265	1.5805342625824266	0.9374151760924936	False	B DN-dominant	C shared	False	B	11	6	ALREADY PROPOSED as DKD marker		Interstitial Fibroblast (<i>degene	5.50570580681164	-0.964728345980876	0.0012537300039284	False	True	2 - strong, already reported	468.0	43.0	-425.0
CCDC91	22.25	0.1670833333333333	0.0263520011105515	0.284308628564045	-1.1617538629080697	-0.514174361724224	False	A unique-to-DN /donor-driven	C shared	True	A	0	0	NOVEL - no kidney literature		Podocyte	2.61006871387705	-0.120091216248862	0.863794363576867	True	False	3 - novel, but weak in data	1381.0	740.0	-641.0
DPP6	104.0	0.0712499999999999	0.0108945322162023	0.1589439655172413	-1.643641347850277	-0.547369221190754	False	A unique-to-DN	C shared /donor-driven	True	A	0	0	kidney-studied, NOT in DKD		Podocyte	5.54536736952248	3.96508337807154	2.49921141590388e-13	True	False	3 - novel, but weak in data	380.0	614.0	234.0
PCOLCE	117.75	0.0474999999999999	0.0126886143134744	0.0410595957750688	1.1860331386599967	0.6428635460285842	False	C shared	C shared	False	C	0	0	kidney-studied, NOT in DKD		Interstitial Fibroblast (<i>degene	4.46914611216817	0.284944399320013	0.704928852560344	True	False	3 - novel, but weak in data	1290.0	336.0	-954.0
CALHM2	154.0	0.1549999999999999	0.0111072656856696	0.2108919478484696	2.3108610216880425	0.5693678096728176	False	C shared /donor-driven	C shared	True	C	0	0	NOVEL - no kidney literature						True	False	3 - novel, but weak in data	20.0	539.0	519.0
SVEP1	160.5	0.0929166666666666	0.0124742834419194	0.1613141004304797	0.1969143977759332	0.5689175942037868	False	C shared	C shared	False	C	0	0	kidney-studied, NOT in DKD		Perivascular Fibroblast, PI16+CD34	4.70032309145383	0.376335378185612	0.550689657816814	True	False	3 - novel, but weak in data	7912.0	540.0	-7372.0
FOLR2	162.75	0.0549999999999999	0.0127414352990389	0.0110231330538735	1.4596265791901857	0.8276973831138901	False	C shared	C shared	False	C	0	0	kidney-studied, NOT in DKD		Resident Macrophage, LYVE1+	6.70828190456576			True	False	3 - novel, but weak in data	642.0	86.0	-556.0
KBTBD11	226.25	0.0449999999999999	0.009870948701113	0.0175861215906982	-1.6405448700478582	-0.66963323483286	False	B DN-dominant	C shared /donor-driven	True	B	0	0	NOVEL - no kidney literature		Ascending Thin Limb of Loop of Hen	1.88893774261358	-0.545056496845135	0.0128730566705668	True	False	3 - novel, but weak in data	386.0	271.0	-115.0
PPIC	253.5	0.0299999999999999	0.006785918254775	0.0414060115959719	2.100408567223906	0.6602405778013022	False	B DN-dominant /donor-driven	C shared	True	B	0	0	kidney-studied, NOT in DKD		Outer Medullary Collecting Duct In	2.13532756695644	-1.2893503412246	0.106839536322249	True	False	3 - novel, but weak in data	68.0	291.0	223.0
MS4A6A	70.25	0.0616666666666666	0.0307663637582403	0.0304002778536208	2.180018809129244	0.6930671811213951	False	C shared	C shared	False	C	4	3	AMBIGUOUS SYMBOL - counts unreliable	bare-symbol count inconsistent with the AND query; counts unreliable	Resident Macrophage, LYVE1+	6.23228215129675			False	False	4 - reported and weak	42.0	218.0	176.0
C1orf21	92.75	0.1558333333333333	0.0200748697827273	0.2174311024282076	-1.8016380289197615	-0.7016435606792463	False	B DN-dominant /donor-driven	C shared /donor-driven	True	B	1	1	ALREADY PROPOSED as DKD marker		Ascending Vasa Recta Endothelial C	3.68268025646701	-0.0766673431315008	0.912284050274381	False	False	4 - reported and weak	237.0	205.0	-32.0
TPD52	101.75	0.0666666666666666	0.0143931498739179	0.055223371663589	-1.5080165484467778	-0.5215950424234942	False	C shared /donor-driven	B DN-dominant	True	C	1	0	reported in DKD (few papers)		Plasma Cell	2.08193937426014	-1.0309593326143	0.0161885876586176	False	False	4 - reported and weak	569.0	700.0	131.0
CFD	111.5	0.0737499999999999	0.0156661971348517	0.0379548220580828	2.1742223508722587	0.6721356847059425	False	C shared /donor-driven	C shared	True	C	4	3	AMBIGUOUS SYMBOL - counts unreliable	"collides with ""computational fluid dynamics""; DKD hits are complement panels, indirect"	Perivascular Fibroblast, PI16+CD34	7.10467369420859	-1.39690717428479	0.0002965934502272	False	False	4 - reported and weak	46.0	265.0	219.0
CD247	155.5	0.1604166666666666	0.0126344230845559	0.2055873379099923	2.175871934084104	0.590359270523079	False	B DN-dominant /donor-driven	C shared	True	B	2	2	ALREADY PROPOSED as DKD marker		Natural Killer Cell	6.6822490588013	-0.95039210909947	0.199841074282598	False	False	4 - reported and weak	44.0	470.0	426.0
TNNT2	161.5	0.1083333333333332	0.0076998285132488	0.159072789603763	-1.872075482820367	-0.7602833113791329	False	A unique-to-DN	C shared /donor-driven	True	A	2	1	ALREADY PROPOSED as DKD marker		Podocyte (<i>degenerative<sup>3</s	4.73972207745097			False	False	4 - reported and weak	171.0	137.0	-34.0
IGFBP6	171.25	0.1216666666666666	0.0197265917728116	0.1670143429225236	1.9895678395473144	0.7381014562570829	False	C shared	C shared	False	C	4	1	ALREADY PROPOSED as DKD marker		Perivascular Fibroblast, PI16+CD34	5.82159957880781	-1.35043563822917	0.0907481244141897	False	False	4 - reported and weak	105.0	165.0	60.0
COL1A2	181.0	0.0299999999999999	0.020066892723923	0.0130454340980656	2.138434668404069	0.685552297081123	False	C shared /donor-driven	C shared	True	C	23	8	ALREADY PROPOSED as DKD marker		Outer Medullary Fibroblast (<i>deg	5.41114346029373	1.19416803875424	6.3998318586628e-06	False	False	4 - reported and weak	58.0	236.0	178.0
CA10	197.25	0.1599999999999999	0.0142622958345077	0.2141344506318269	-1.5346595998998631	-0.7080223230281129	False	B DN-dominant	C shared /donor-driven	True	B	0	0	AMBIGUOUS SYMBOL - counts unreliable	"collides with carbonic-anhydrase numbering and ""CA 10"" measurements"	Macula Densa Cell	2.70190915756454			False	False	4 - reported and weak	518.0	198.0	-320.0
RARRES1	198.25	0.0391666666666666	0.009831667786165	0.0109849942285494	1.8356835589795677	0.6847636699218347	False	C shared	C shared	False	C	5	0	established in DKD		Perivascular Fibroblast, RSPO3+	4.67706418527934	-0.436514401609914	0.456446580755806	False	False	4 - reported and weak	200.0	238.0	38.0
HDAC9	200.0	0.0612499999999999	0.0115884341652359	0.1191524119446201	1.586409675183205	0.685482399362771	False	C shared	A unique-to-DN	False	C	3	1	ALREADY PROPOSED as DKD marker		Classical Type 1 Dendritic Cell	5.38597671714293			False	False	4 - reported and weak	459.0	237.0	-222.0
S100A4	215.75	0.0449999999999999	0.0066782841730476	0.0818010653460067	2.093180952778362	0.606108491387273	False	C shared /donor-driven	C shared	True	C	5	2	ALREADY PROPOSED as DKD marker		Cytotoxic T Cell, Tem/Temra (Termi	3.98024973457734	0.631106147848078	0.0158708444677148	False	False	4 - reported and weak	71.0	420.0	349.0
DYRK2	230.75	0.0887499999999999	0.0104477861391422	0.1396305799996949	2.1785626936815934	0.6658079157128092	False	C shared /donor-driven	C shared /donor-driven	True	C	2	1	ALREADY PROPOSED as DKD marker		Cytotoxic T Cell, Tem/Trm CD8+	2.45921915411884			False	False	4 - reported and weak	43.0	278.0	235.0
MSC	235.75	0.0404166666666666	0.0059617402620114	0.0859032858002952	1.3938188075776368	0.5614262375308625	False	C shared	C shared	False	C	116	21	AMBIGUOUS SYMBOL - counts unreliable	"collides with ""mesenchymal stem/stromal cell"""					False	False	4 - reported and weak	783.0	563.0	-220.0
CD48	247.75	0.0179166666666666	0.0065338197710138	0.0332934609250398	2.132223052842986	0.5672799360283682	False	C shared /donor-driven	C shared	True	C	4	2	ALREADY PROPOSED as DKD marker		Cytotoxic T Cell, Tem/Temra (Termi	5.25938212231273	-1.17832732641699	0.111600583340488	False	False	4 - reported and weak	60.0	544.0	484.0
FBN1	254.25	0.0512499999999999	0.0067347674852474	0.1365830115830115	2.40299616267868	0.6080561045933459	False	B DN-dominant /donor-driven	C shared	True	B	3	1	ALREADY PROPOSED as DKD marker		Perivascular Fibroblast, PI16+CD34	4.51306214926973	2.03021583885883	8.06458344046481e-19	False	False	4 - reported and weak	15.0	417.0	402.0
