held_out	K	random_mean	random_sd	random_p05	random_p95	random_max	permuted_mean	n_test	n_case
GSE30528	5	0.6256980056980057	0.2075962227383377	0.2726495726495726	0.9320512820512822	1.0	0.5155270655270655	22	9
GSE30528	10	0.6578347578347578	0.1737369938546226	0.376068376068376	0.9235042735042737	1.0	0.4965811965811966	22	9
GSE30528	20	0.6665811965811966	0.16980943373404364	0.37564102564102564	0.9405982905982907	1.0	0.5198005698005698	22	9
GSE30528	50	0.6823646723646724	0.1620859533117964	0.3846153846153846	0.9230769230769231	0.9914529914529915	0.5198005698005698	22	9
GSE30528	100	0.7103703703703704	0.14422164263975046	0.4700854700854701	0.9230769230769231	1.0	0.524074074074074	22	9
GSE96804	5	0.642829268292683	0.181284517728306	0.33219512195121953	0.9090243902439025	0.9865853658536585	0.46436991869918703	61	41
GSE96804	10	0.6975040650406504	0.1573277649466852	0.43018292682926834	0.9054268292682929	0.9975609756097561	0.5295528455284552	61	41
GSE96804	20	0.7228983739837399	0.1444579285176646	0.48286585365853657	0.9171341463414635	0.9865853658536585	0.4575203252032521	61	41
GSE96804	50	0.7955325203252033	0.11061610740538633	0.5973780487804878	0.9464634146341464	0.9853658536585367	0.4744715447154471	61	41
GSE96804	100	0.8545650406504065	0.08075412058288957	0.6963414634146341	0.9659146341463416	0.9951219512195122	0.49528455284552847	61	41
GSE104948	5	0.7106196581196581	0.16699877883693853	0.40705128205128205	0.9424679487179487	1.0	0.466826923076923	38	12
GSE104948	10	0.7414209401709402	0.15373128249373477	0.44871794871794873	0.9583333333333333	1.0	0.48963675213675206	38	12
GSE104948	20	0.7754594017094016	0.12133702753235229	0.5445512820512821	0.9552884615384616	0.9967948717948718	0.47286324786324785	38	12
GSE104948	50	0.8089743589743589	0.11125950447303357	0.6022435897435897	0.961698717948718	1.0	0.5482371794871794	38	12
GSE104948	100	0.8517628205128205	0.08363792146885203	0.701602564102564	0.9647435897435898	0.9935897435897436	0.5135683760683761	38	12
GSE142025	5	0.7288614540466392	0.1992865058665829	0.34547325102880655	0.9794238683127572	1.0	0.4669410150891632	36	27
GSE142025	10	0.7686968449931413	0.17299594156316697	0.4238683127572016	0.9794238683127572	1.0	0.49842249657064475	36	27
GSE142025	20	0.8265843621399177	0.13957037258515295	0.5512345679012346	0.9960905349794238	1.0	0.5329903978052126	36	27
GSE142025	50	0.8778875171467763	0.11268302286963176	0.6537037037037038	1.0	1.0	0.489917695473251	36	27
GSE142025	100	0.932249657064472	0.07492956823793877	0.7775720164609053	1.0	1.0	0.46296296296296297	36	27
