GSE30528|5	GSE30528|10	GSE30528|20	GSE30528|50	GSE30528|100	GSE96804|5	GSE96804|10	GSE96804|20	GSE96804|50	GSE96804|100	GSE104948|5	GSE104948|10	GSE104948|20	GSE104948|50	GSE104948|100
0.5811965811965812	0.45299145299145294	0.6324786324786325	0.5213675213675214	0.6068376068376068	0.552439024390244	0.46829268292682924	0.8731707317073171	0.7097560975609757	0.723170731707317	0.5865384615384616	0.2628205128205128	0.8942307692307692	0.9038461538461539	0.9198717948717949
0.6752136752136751	0.6752136752136753	0.7094017094017093	0.6923076923076922	0.6068376068376068	0.7853658536585366	0.7817073170731708	0.7817073170731708	0.6365853658536585	0.6646341463414634	0.6378205128205128	0.8685897435897436	0.8237179487179487	0.9455128205128205	0.826923076923077
0.6752136752136753	0.45299145299145294	0.6324786324786325	0.5811965811965811	0.5299145299145299	0.9048780487804877	0.9182926829268293	0.9536585365853658	0.8378048780487805	0.676829268292683	0.9230769230769231	0.5352564102564102	0.8846153846153846	0.8365384615384615	0.8269230769230769
0.6923076923076923	0.5384615384615385	0.6495726495726496	0.641025641025641	0.5555555555555556	0.6317073170731707	0.8292682926829268	0.5670731707317074	0.6670731707317074	0.7182926829268292	0.8397435897435898	0.8878205128205128	0.8397435897435898	0.5673076923076923	0.7564102564102565
0.5042735042735043	0.46153846153846145	0.1282051282051282	0.7606837606837606	0.7777777777777777	0.576829268292683	0.9536585365853658	0.6658536585365854	0.7926829268292682	0.6060975609756097	0.39743589743589747	0.5224358974358975	0.5897435897435898	0.9262820512820512	0.8076923076923077
0.8888888888888888	0.32478632478632474	0.7264957264957264	0.4444444444444444	0.7008547008547008	0.6951219512195121	0.8585365853658538	0.7512195121951221	0.7280487804878049	0.8402439024390244	0.33974358974358976	0.8205128205128206	0.6730769230769231	0.5128205128205128	0.9262820512820513
0.888888888888889	0.8119658119658119	0.7521367521367521	0.717948717948718	0.6837606837606838	0.5219512195121951	0.6426829268292683	0.8463414634146341	0.7195121951219513	0.6987804878048781	0.5	0.6314102564102564	0.9006410256410257	0.9519230769230769	0.7051282051282052
0.24786324786324782	0.7435897435897436	0.37606837606837606	0.5641025641025641	0.6239316239316239	0.7524390243902439	0.7682926829268293	0.6914634146341464	0.7182926829268294	0.8621951219512195	0.9102564102564104	0.40384615384615385	0.75	0.8461538461538461	0.6698717948717948
0.7435897435897436	0.6239316239316239	0.33333333333333337	0.5811965811965811	0.7179487179487178	0.6841463414634146	0.7621951219512196	0.7646341463414634	0.9	0.8158536585365854	0.6794871794871795	0.7147435897435898	0.5064102564102564	0.6025641025641025	0.7756410256410255
0.641025641025641	0.9487179487179487	0.905982905982906	0.8632478632478633	0.7948717948717948	0.24634146341463414	0.8817073170731707	0.6646341463414633	0.6707317073170732	0.8	0.5769230769230769	0.9391025641025641	0.7884615384615385	0.7884615384615385	0.8557692307692307
0.5213675213675213	0.7948717948717948	0.829059829059829	0.7606837606837606	0.7863247863247864	0.4426829268292683	0.8341463414634146	0.4817073170731707	0.7268292682926829	0.7207317073170731	0.5512820512820512	0.5256410256410257	0.9423076923076923	0.7820512820512819	0.7403846153846154
0.5982905982905983	0.36752136752136755	0.3846153846153846	0.8290598290598291	0.7777777777777778	0.6341463414634146	0.5682926829268293	0.9292682926829269	0.8658536585365855	0.8439024390243902	0.5256410256410257	0.8782051282051282	0.5512820512820513	0.8173076923076924	0.9262820512820513
0.5128205128205128	0.7094017094017093	0.8376068376068375	0.6239316239316239	0.923076923076923	0.25853658536585367	0.11829268292682929	0.8048780487804879	0.6902439024390243	0.7585365853658537	0.7980769230769231	0.8717948717948718	0.5544871794871795	0.8269230769230769	0.6826923076923077
0.6153846153846154	0.9145299145299145	0.735042735042735	0.34188034188034183	0.8205128205128205	0.7804878048780488	0.41219512195121955	0.8560975609756097	0.5390243902439025	0.8487804878048781	0.8685897435897436	0.8653846153846154	0.6698717948717948	0.7371794871794872	0.7467948717948718
0.4444444444444444	0.4615384615384615	0.5384615384615384	0.5213675213675213	0.7863247863247863	0.924390243902439	0.6914634146341463	0.7414634146341463	0.6573170731707318	0.875609756097561	0.44551282051282054	0.8012820512820513	0.7083333333333334	0.8589743589743589	0.8942307692307693
0.3675213675213675	0.6068376068376068	0.24786324786324787	0.7435897435897436	0.735042735042735	0.6414634146341464	0.39512195121951216	0.6634146341463415	0.8963414634146342	0.8548780487804878	0.483974358974359	0.8365384615384615	0.858974358974359	0.782051282051282	0.766025641025641
0.8632478632478633	0.8376068376068376	0.29059829059829057	0.7777777777777777	0.8034188034188033	0.724390243902439	0.7390243902439024	0.7158536585365853	0.8182926829268293	0.8329268292682926	0.7371794871794872	0.5448717948717949	0.8557692307692308	0.6923076923076923	0.7724358974358974
0.8205128205128205	0.8034188034188035	0.7008547008547008	0.7350427350427351	0.7692307692307693	0.7060975609756097	0.374390243902439	0.8768292682926829	0.7365853658536585	0.7634146341463415	0.8461538461538461	0.4358974358974359	0.6282051282051282	0.891025641025641	0.7756410256410257
0.5982905982905983	0.5811965811965811	0.5982905982905983	0.6666666666666666	0.4273504273504272	0.8463414634146341	0.5365853658536586	0.8353658536585367	0.7304878048780488	0.5634146341463415	0.9615384615384615	0.7788461538461539	0.8301282051282051	0.6730769230769231	0.7884615384615384
0.6837606837606838	0.6752136752136753	0.5982905982905984	0.8461538461538461	0.6495726495726495	0.8439024390243903	0.6817073170731707	0.6463414634146342	0.65	0.8402439024390245	0.6634615384615385	0.5705128205128205	0.733974358974359	0.6314102564102564	0.8525641025641026
0.9401709401709402	0.7692307692307693	0.7350427350427351	0.735042735042735	0.5384615384615384	0.21585365853658536	0.7060975609756097	0.6890243902439025	0.6804878048780488	0.9000000000000001	0.9615384615384615	0.5224358974358975	0.7115384615384616	0.7948717948717949	0.8621794871794872
0.4358974358974359	0.8376068376068376	0.811965811965812	0.9401709401709402	0.5128205128205128	0.8451219512195123	0.6719512195121952	0.7853658536585366	0.6353658536585366	0.7304878048780488	0.6666666666666667	0.6826923076923077	0.7756410256410257	0.5961538461538461	0.6634615384615383
0.3931623931623931	0.3333333333333333	0.6239316239316239	0.5982905982905983	0.45299145299145294	0.36829268292682926	0.5317073170731708	0.6402439024390244	0.9378048780487804	0.7926829268292682	0.23076923076923075	0.7852564102564102	0.47435897435897434	0.6634615384615383	0.8044871794871795
0.5897435897435898	0.5982905982905983	0.9401709401709402	0.8888888888888888	0.5641025641025641	0.8768292682926829	0.8951219512195121	0.5841463414634146	0.9365853658536586	0.7658536585365854	0.9391025641025641	0.4551282051282051	0.8205128205128205	0.7307692307692307	0.7051282051282052
0.6068376068376068	0.8290598290598291	0.7777777777777778	0.6837606837606839	0.717948717948718	0.5792682926829268	0.2097560975609756	0.5658536585365853	0.7646341463414635	0.6780487804878048	0.9294871794871795	0.592948717948718	0.7532051282051282	0.7980769230769231	0.8910256410256411
0.3418803418803419	0.7777777777777778	0.7777777777777778	0.7777777777777777	0.6923076923076923	0.748780487804878	0.7963414634146342	0.8536585365853657	0.798780487804878	0.8158536585365854	0.8044871794871794	0.8878205128205128	0.625	0.6602564102564104	0.8621794871794872
0.3076923076923076	0.5811965811965811	0.6923076923076923	0.5299145299145299	0.3675213675213675	0.7097560975609756	0.675609756097561	0.5878048780487806	0.7402439024390245	0.7743902439024389	0.8397435897435898	0.6858974358974359	0.5	0.6730769230769231	0.7692307692307693
0.2051282051282051	0.43589743589743585	0.4017094017094017	0.7948717948717949	0.717948717948718	0.6219512195121952	0.8451219512195122	0.6036585365853658	0.5878048780487805	0.7390243902439024	0.560897435897436	0.625	0.9006410256410257	0.7307692307692308	0.8044871794871795
0.8547008547008547	0.3675213675213675	0.6068376068376068	0.43589743589743585	0.6837606837606838	0.9060975609756098	0.6792682926829269	0.8548780487804879	0.7524390243902439	0.8597560975609757	0.48397435897435903	0.4775641025641026	0.7051282051282051	0.8782051282051282	0.7596153846153846
0.5128205128205129	0.4444444444444444	0.6495726495726496	0.8632478632478632	0.4871794871794871	0.7341463414634146	0.8719512195121952	0.5317073170731708	0.6658536585365853	0.8109756097560976	0.7564102564102564	0.7435897435897436	0.7275641025641026	0.7948717948717948	0.8461538461538463
0.4615384615384615	0.5726495726495726	0.846153846153846	0.641025641025641	0.7179487179487178	0.6268292682926829	0.801219512195122	0.8524390243902439	0.6195121951219512	0.8475609756097561	0.7403846153846154	0.8461538461538463	0.8365384615384615	0.8397435897435899	0.9038461538461539
0.5897435897435896	0.5641025641025641	0.14529914529914528	0.5897435897435898	0.735042735042735	0.2402439024390244	0.7634146341463415	0.7	0.7341463414634146	0.9280487804878048	0.40384615384615385	0.5673076923076923	0.8653846153846154	0.8205128205128205	0.8108974358974359
0.7948717948717949	0.5897435897435898	0.6752136752136754	0.3589743589743589	0.8119658119658119	0.44512195121951215	0.5219512195121951	0.7378048780487805	0.6012195121951219	0.7268292682926829	0.6153846153846154	0.6410256410256411	0.798076923076923	0.6858974358974359	0.7852564102564102
0.7863247863247863	0.6666666666666666	0.7008547008547008	0.8461538461538463	0.7094017094017093	0.7073170731707317	0.6536585365853659	0.6231707317073171	0.8073170731707316	0.8560975609756097	0.8397435897435898	0.8685897435897436	0.5833333333333334	0.9102564102564104	0.6826923076923077
0.9145299145299145	0.717948717948718	0.6923076923076924	0.9572649572649573	0.5384615384615384	0.5682926829268292	0.5195121951219512	0.8634146341463415	0.7036585365853658	0.8231707317073171	0.6698717948717949	0.9775641025641026	0.875	0.9134615384615385	0.9455128205128205
0.7692307692307693	0.452991452991453	0.7863247863247863	0.4017094017094017	0.8461538461538461	0.6743902439024391	0.2951219512195122	0.7817073170731708	0.6487804878048781	0.9451219512195121	0.5673076923076923	0.8557692307692307	0.5769230769230769	0.7788461538461539	0.9391025641025642
0.7948717948717949	0.41025641025641024	0.7777777777777778	0.7606837606837606	0.7777777777777778	0.8695121951219512	0.9182926829268293	0.9024390243902439	0.8853658536585366	0.7536585365853659	0.9102564102564102	0.8108974358974359	0.782051282051282	0.782051282051282	0.6410256410256411
0.10256410256410256	0.6923076923076923	0.8974358974358975	0.7863247863247863	0.7435897435897436	0.9353658536585365	0.8524390243902439	0.9451219512195121	0.5426829268292683	0.7036585365853659	0.9006410256410255	0.483974358974359	0.9102564102564102	0.657051282051282	0.5961538461538461
0.8547008547008548	0.41880341880341876	0.4273504273504274	0.735042735042735	0.5042735042735043	0.8109756097560975	0.3219512195121952	0.9414634146341463	0.5646341463414635	0.5890243902439025	0.33974358974358976	0.5448717948717949	0.6634615384615385	0.9455128205128205	0.6858974358974359
0.16239316239316237	0.7521367521367521	0.5299145299145299	0.7948717948717948	0.6495726495726495	0.41097560975609754	0.3109756097560976	0.525609756097561	0.6792682926829268	0.9329268292682927	0.9551282051282051	0.6602564102564102	0.6346153846153846	0.7467948717948718	0.6538461538461539
0.3418803418803419	0.43589743589743585	0.7692307692307693	0.5726495726495726	0.547008547008547	0.5378048780487805	0.5353658536585366	0.576829268292683	0.5560975609756098	0.8975609756097561	0.7596153846153846	0.7948717948717948	0.9166666666666666	0.6891025641025641	0.9391025641025641
0.6666666666666666	0.8376068376068375	0.7264957264957266	0.3162393162393162	0.8034188034188035	0.6585365853658537	0.8670731707317073	0.5890243902439025	0.6109756097560975	0.9134146341463414	0.41025641025641024	0.8589743589743589	0.798076923076923	0.8044871794871795	0.7916666666666666
0.3846153846153846	0.846153846153846	0.9230769230769231	0.7863247863247863	0.8205128205128205	0.5475609756097561	0.7195121951219512	0.8317073170731707	0.7804878048780488	0.7621951219512195	0.6282051282051283	0.7403846153846154	0.8653846153846154	0.8044871794871795	0.7083333333333333
0.9145299145299145	0.7606837606837606	0.2222222222222222	0.4358974358974359	0.8803418803418803	0.47439024390243906	0.7402439024390244	0.825609756097561	0.6865853658536586	0.6341463414634148	0.9070512820512822	0.23397435897435898	0.5384615384615384	0.9006410256410258	0.7532051282051282
0.188034188034188	0.8461538461538461	0.6495726495726495	0.5384615384615384	0.8205128205128206	0.8	0.7585365853658537	0.7000000000000001	0.8024390243902438	0.8451219512195122	0.7403846153846154	0.8012820512820512	0.6185897435897436	0.5865384615384616	0.6410256410256411
0.5042735042735043	0.5299145299145299	0.9145299145299145	0.5641025641025641	0.5299145299145298	0.7024390243902439	0.724390243902439	0.8219512195121952	0.8292682926829268	0.7853658536585366	0.9326923076923076	0.8237179487179487	0.8269230769230769	0.7435897435897437	0.6410256410256411
0.7863247863247863	0.5897435897435896	0.8547008547008547	0.8461538461538461	0.7008547008547008	0.8841463414634146	0.5853658536585366	0.7012195121951219	0.7963414634146342	0.6451219512195122	0.5993589743589743	0.7211538461538461	0.7083333333333333	0.6282051282051282	0.8108974358974359
0.15384615384615385	0.6666666666666667	0.5726495726495726	0.7094017094017094	0.8034188034188035	0.29756097560975614	0.6963414634146341	0.7792682926829269	0.774390243902439	0.747560975609756	0.6666666666666667	0.560897435897436	0.9519230769230769	0.5737179487179488	0.7211538461538461
0.7863247863247863	0.6581196581196581	0.4358974358974359	0.8461538461538461	0.6153846153846154	0.34024390243902436	0.7865853658536586	0.8731707317073171	0.7	0.9621951219512195	0.5897435897435898	0.9294871794871795	0.7916666666666666	0.9102564102564102	0.8333333333333334
0.9230769230769231	0.14529914529914528	0.6837606837606838	0.40170940170940167	0.7777777777777778	0.876829268292683	0.3597560975609756	0.6512195121951219	0.6646341463414634	0.9060975609756098	0.7628205128205128	0.24679487179487178	0.6506410256410257	0.6666666666666666	0.8557692307692307
0.7350427350427351	0.6581196581196581	0.7008547008547008	0.7606837606837606	0.8547008547008547	0.46585365853658534	0.5878048780487806	0.8512195121951219	0.6829268292682927	0.8378048780487805	0.6666666666666666	0.6153846153846154	0.5865384615384616	0.8461538461538461	0.8621794871794871
0.9145299145299146	0.5897435897435898	0.45299145299145294	0.7948717948717949	0.6068376068376069	0.5926829268292684	0.8353658536585367	0.8256097560975609	0.7036585365853658	0.8182926829268292	0.5160256410256411	0.8685897435897436	0.5961538461538461	0.625	0.8333333333333333
0.8547008547008548	0.829059829059829	0.8632478632478633	0.641025641025641	0.7948717948717949	0.7195121951219512	0.8158536585365853	0.9560975609756098	0.6085365853658536	0.8585365853658536	0.4358974358974359	0.483974358974359	0.8782051282051282	0.5288461538461539	0.657051282051282
0.5555555555555556	0.829059829059829	0.6752136752136753	0.5384615384615384	0.7948717948717949	0.5926829268292683	0.46585365853658534	0.8097560975609757	0.9487804878048781	0.8121951219512195	0.5673076923076923	0.6185897435897436	0.3685897435897436	0.6955128205128206	0.9134615384615384
0.846153846153846	0.8034188034188035	0.6581196581196581	0.5128205128205128	0.5811965811965811	0.4353658536585366	0.7890243902439025	0.6048780487804878	0.6646341463414633	0.8304878048780487	0.48717948717948717	0.532051282051282	0.7788461538461539	0.6698717948717948	0.9134615384615384
0.8034188034188035	0.6752136752136751	0.5128205128205128	0.7008547008547009	0.6923076923076923	0.3926829268292683	0.4841463414634147	0.2902439024390244	0.7951219512195122	0.8280487804878048	0.2756410256410256	0.625	0.7115384615384616	0.891025641025641	0.9038461538461539
0.905982905982906	0.5470085470085471	0.6923076923076924	0.7008547008547009	0.6752136752136751	0.7426829268292684	0.5536585365853659	0.748780487804878	0.6841463414634146	0.8378048780487807	0.47115384615384615	0.7467948717948718	0.6442307692307692	0.9198717948717949	0.6442307692307693
0.9145299145299144	0.2564102564102564	0.48717948717948717	0.6752136752136753	0.6666666666666667	0.7451219512195122	0.5707317073170732	0.5585365853658536	0.7865853658536586	0.8719512195121951	0.6923076923076923	0.7500000000000001	0.6217948717948718	0.7147435897435896	0.5865384615384616
0.7435897435897436	0.7094017094017093	0.846153846153846	0.4017094017094017	0.5982905982905983	0.4585365853658536	0.5231707317073171	0.8060975609756098	0.7573170731707317	0.7146341463414634	0.7275641025641025	0.47115384615384615	0.8237179487179487	0.7692307692307693	0.6057692307692307
0.717948717948718	0.7435897435897436	0.7777777777777779	0.5384615384615384	0.7350427350427351	0.8475609756097562	0.8207317073170731	0.7829268292682927	0.8548780487804879	0.6682926829268293	0.3557692307692307	0.7435897435897436	0.8846153846153846	0.6955128205128205	0.6858974358974359
0.7606837606837606	0.7435897435897436	0.6324786324786325	0.7606837606837606	0.6068376068376068	0.852439024390244	0.5378048780487805	0.39390243902439026	0.8695121951219512	0.8109756097560976	0.8717948717948717	0.9775641025641025	0.4935897435897436	0.8685897435897436	0.8782051282051282
0.7094017094017094	0.6068376068376068	0.5213675213675213	0.8461538461538461	0.9572649572649573	0.4768292682926829	0.748780487804878	0.5365853658536586	0.8951219512195122	0.7426829268292683	0.40384615384615385	0.8525641025641026	0.4807692307692308	0.5320512820512822	0.46794871794871795
0.376068376068376	0.5555555555555556	0.39316239316239315	0.5384615384615384	0.7777777777777778	0.8207317073170731	0.7024390243902439	0.8341463414634146	0.8463414634146341	0.7646341463414634	0.7275641025641025	0.5897435897435898	0.7756410256410255	0.6538461538461539	0.6282051282051281
0.8376068376068376	0.7777777777777778	0.6581196581196581	0.6068376068376069	0.8547008547008547	0.7939024390243903	0.5280487804878049	0.7024390243902439	0.9207317073170732	0.6195121951219512	0.5512820512820513	0.8621794871794871	0.49999999999999994	0.7564102564102565	0.8557692307692307
0.9401709401709402	0.5555555555555556	0.905982905982906	0.5213675213675214	0.6495726495726496	0.8182926829268293	0.6341463414634146	0.7170731707317074	0.5865853658536585	0.7951219512195122	0.7275641025641025	0.7692307692307692	0.9262820512820513	0.6698717948717949	0.9230769230769231
0.4871794871794871	0.717948717948718	0.3504273504273504	0.4017094017094017	0.8034188034188033	0.8670731707317074	0.7207317073170731	0.5878048780487805	0.8829268292682927	0.7865853658536586	0.7435897435897436	0.5032051282051282	0.7724358974358975	0.657051282051282	0.826923076923077
0.9487179487179487	0.17948717948717946	0.9401709401709402	0.7521367521367521	0.5811965811965811	0.8	0.6914634146341464	0.6219512195121951	0.6560975609756098	0.8634146341463415	0.4871794871794871	0.5737179487179488	0.5833333333333333	0.8397435897435898	0.858974358974359
0.2564102564102564	0.7777777777777778	0.6923076923076923	0.41880341880341876	0.7094017094017095	0.6780487804878049	0.5560975609756098	0.848780487804878	0.7609756097560976	0.8768292682926829	0.4198717948717949	0.8589743589743589	0.6955128205128205	0.858974358974359	0.907051282051282
0.8547008547008547	0.3333333333333333	0.829059829059829	0.6666666666666666	0.7777777777777777	0.8560975609756097	0.8134146341463415	0.5036585365853659	0.7219512195121951	0.8609756097560977	0.6025641025641025	0.6410256410256411	0.8205128205128205	0.7980769230769231	0.7371794871794872
0.9572649572649573	0.6837606837606837	0.5299145299145299	0.7094017094017093	0.6495726495726495	0.4134146341463415	0.12560975609756098	0.7914634146341464	0.8756097560975611	0.8524390243902439	0.6987179487179488	0.5865384615384616	0.8878205128205128	0.7083333333333334	0.7564102564102564
0.547008547008547	0.811965811965812	0.7777777777777778	0.5384615384615385	0.811965811965812	0.676829268292683	0.3926829268292683	0.7841463414634147	0.6402439024390244	0.7939024390243902	0.27564102564102566	0.8782051282051282	0.6987179487179487	0.8365384615384615	0.7339743589743588
0.40170940170940167	0.5555555555555556	0.4358974358974359	0.6923076923076923	0.6923076923076924	0.8060975609756097	0.6951219512195123	0.7219512195121951	0.6621951219512194	0.8085365853658537	0.6442307692307692	0.8301282051282051	0.7724358974358975	0.8044871794871795	0.9423076923076923
0.5128205128205129	0.5811965811965812	0.5641025641025641	0.4786324786324786	0.8376068376068375	0.4841463414634146	0.5390243902439025	0.8134146341463414	0.7548780487804878	0.8792682926829268	0.5737179487179487	0.7948717948717948	0.721153846153846	0.6698717948717948	0.7788461538461539
0.8717948717948718	0.5042735042735043	0.6581196581196581	0.5897435897435896	0.6666666666666666	0.8707317073170732	0.5195121951219512	0.8268292682926829	0.9182926829268293	0.6658536585365853	0.29166666666666663	0.532051282051282	0.7499999999999999	0.6282051282051282	0.8365384615384615
0.5897435897435898	0.6239316239316239	0.24786324786324784	0.7777777777777777	0.5811965811965811	0.4975609756097561	0.8548780487804878	0.46341463414634143	0.7853658536585366	0.7963414634146341	0.5801282051282051	0.9326923076923077	0.75	0.6538461538461539	0.8173076923076924
0.5299145299145299	0.3162393162393162	0.6581196581196581	0.7094017094017094	0.735042735042735	0.5146341463414634	0.8341463414634147	0.5292682926829269	0.5353658536585366	0.775609756097561	0.657051282051282	0.9423076923076923	0.7083333333333334	0.608974358974359	0.8942307692307692
0.4957264957264957	0.6324786324786325	0.23931623931623927	0.5042735042735043	0.8803418803418803	0.9256097560975609	0.5658536585365854	0.624390243902439	0.8365853658536584	0.7658536585365854	0.717948717948718	0.3814102564102564	0.8717948717948718	0.7788461538461539	0.7820512820512822
0.4358974358974359	0.5299145299145299	0.8803418803418803	0.4615384615384615	0.7948717948717948	0.6719512195121952	0.575609756097561	0.8963414634146342	0.6341463414634148	0.9012195121951219	0.548076923076923	0.7916666666666667	0.7724358974358975	0.641025641025641	0.592948717948718
0.6923076923076923	0.5470085470085471	0.7008547008547008	0.9230769230769231	0.5982905982905983	0.6573170731707317	0.5426829268292683	0.49390243902439024	0.8158536585365854	0.8926829268292683	0.766025641025641	0.6794871794871795	0.717948717948718	0.8717948717948719	0.8910256410256411
0.641025641025641	0.37606837606837606	0.5470085470085471	0.7948717948717949	0.7008547008547009	0.7756097560975609	0.7280487804878049	0.7	0.853658536585366	0.6939024390243902	0.7948717948717949	0.8621794871794871	0.6762820512820513	0.8461538461538461	0.967948717948718
0.8205128205128205	0.8803418803418803	0.7521367521367521	0.6153846153846153	0.6666666666666665	0.6853658536585366	0.7109756097560975	0.6560975609756098	0.7670731707317073	0.774390243902439	0.8301282051282051	0.4551282051282052	0.8910256410256411	0.6538461538461537	0.7788461538461539
0.5384615384615383	0.547008547008547	0.32478632478632474	0.8205128205128205	0.7350427350427351	0.8414634146341463	0.7329268292682927	0.874390243902439	0.9	0.8719512195121951	0.11217948717948717	0.8814102564102565	0.8108974358974359	0.9455128205128205	0.9775641025641026
0.6752136752136753	0.6324786324786325	0.547008547008547	0.9145299145299145	0.8717948717948718	0.3878048780487805	0.5963414634146341	0.5073170731707317	0.7853658536585366	0.6146341463414634	0.8365384615384615	0.8814102564102564	0.5480769230769231	0.625	0.7596153846153846
0.4786324786324786	0.5384615384615384	0.36752136752136755	0.6752136752136753	0.8547008547008547	0.6731707317073171	0.4036585365853659	0.5365853658536586	0.8426829268292683	0.7841463414634147	0.6794871794871795	0.7307692307692307	0.9294871794871794	0.8397435897435898	0.8493589743589743
0.5555555555555556	0.27350427350427353	0.5726495726495726	0.34188034188034183	0.6068376068376068	0.7609756097560976	0.5060975609756098	0.7719512195121951	0.7353658536585367	0.7268292682926829	0.858974358974359	0.6987179487179487	0.5192307692307693	0.75	0.6217948717948718
0.7008547008547008	0.5128205128205128	0.5128205128205128	0.4017094017094017	0.5384615384615384	0.7121951219512195	0.6353658536585366	0.6341463414634146	0.8353658536585366	0.8780487804878049	0.3910256410256411	0.6217948717948718	0.7147435897435896	0.75	0.891025641025641
0.37606837606837606	0.4017094017094017	0.7777777777777778	0.5641025641025641	0.7264957264957264	0.5963414634146341	0.723170731707317	0.4926829268292683	0.8853658536585366	0.7256097560975611	0.3782051282051282	0.7884615384615384	0.47115384615384615	0.8301282051282052	0.6217948717948718
0.6324786324786325	0.15384615384615383	0.5982905982905983	0.888888888888889	0.8974358974358974	0.8865853658536585	0.6182926829268293	0.6939024390243902	0.7012195121951219	0.7890243902439025	0.6762820512820512	0.592948717948718	0.6955128205128205	0.6474358974358975	0.467948717948718
0.34188034188034183	0.6495726495726495	0.717948717948718	0.46153846153846156	0.5982905982905984	0.848780487804878	0.7926829268292682	0.7390243902439024	0.7951219512195122	0.5829268292682928	0.34615384615384615	0.9006410256410257	0.7916666666666667	0.6891025641025641	0.8589743589743589
0.641025641025641	0.6666666666666666	0.7521367521367521	0.6837606837606838	0.6239316239316239	0.723170731707317	0.7719512195121951	0.7317073170731707	0.7646341463414634	0.7853658536585366	0.8301282051282051	0.6602564102564102	0.266025641025641	0.9519230769230769	0.9134615384615384
0.5128205128205128	0.5897435897435898	0.7264957264957265	0.5042735042735041	0.7264957264957265	0.9146341463414634	0.27439024390243905	0.5207317073170732	0.752439024390244	0.8317073170731707	0.8365384615384616	0.701923076923077	0.9487179487179487	0.7532051282051282	0.9711538461538461
0.8803418803418803	0.5299145299145299	0.5384615384615384	0.6068376068376069	0.6581196581196581	0.8621951219512195	0.4231707317073171	0.7951219512195122	0.5890243902439025	0.7609756097560976	0.3301282051282051	0.7948717948717949	0.6121794871794872	0.782051282051282	0.9455128205128205
0.3589743589743589	0.982905982905983	0.6324786324786325	0.2991452991452991	0.5042735042735043	0.3048780487804878	0.375609756097561	0.7670731707317073	0.8378048780487805	0.8097560975609757	0.46153846153846145	0.592948717948718	0.6602564102564102	0.7019230769230769	0.8846153846153846
0.9487179487179487	0.7008547008547008	0.7521367521367521	0.5811965811965811	0.5811965811965811	0.8853658536585366	0.8548780487804878	0.7121951219512195	0.9024390243902439	0.5353658536585366	0.4967948717948718	0.75	0.7980769230769231	0.8237179487179487	0.846153846153846
0.41880341880341876	0.39316239316239315	0.42735042735042733	0.7094017094017093	0.5811965811965812	0.9109756097560976	0.4317073170731707	0.6207317073170732	0.4304878048780487	0.5841463414634146	0.5608974358974359	0.5416666666666666	0.7467948717948718	0.7115384615384616	0.967948717948718
0.8461538461538463	0.9401709401709402	0.6324786324786325	0.7350427350427351	0.3247863247863248	0.7780487804878048	0.4792682926829268	0.8207317073170732	0.6939024390243903	0.7536585365853659	0.375	0.7435897435897436	0.5256410256410257	0.7596153846153846	0.6057692307692308
0.7521367521367522	0.44444444444444436	0.9316239316239316	0.7948717948717949	0.8034188034188035	0.8134146341463414	0.5365853658536586	0.723170731707317	0.8829268292682927	0.7573170731707317	0.782051282051282	0.451923076923077	0.33333333333333337	0.5705128205128205	0.9455128205128205
0.6923076923076923	0.7606837606837608	0.6153846153846154	0.8974358974358974	0.6153846153846154	0.6378048780487805	0.5451219512195122	0.7219512195121951	0.602439024390244	0.8109756097560976	0.4583333333333333	0.7788461538461539	0.6602564102564102	0.5801282051282052	0.75
0.6581196581196581	0.9145299145299145	0.9658119658119658	0.7264957264957265	0.7948717948717949	0.6426829268292683	0.9073170731707317	0.7975609756097561	0.7841463414634147	0.7719512195121951	0.7083333333333334	0.8878205128205128	0.766025641025641	0.8557692307692308	0.733974358974359
0.5982905982905983	0.40170940170940167	0.4444444444444444	0.7948717948717948	0.38461538461538464	0.46585365853658534	0.5609756097560976	0.8414634146341463	0.7548780487804878	0.8792682926829268	0.3108974358974359	0.7980769230769231	0.8653846153846154	0.9230769230769231	0.75
0.4273504273504274	0.2222222222222222	0.7435897435897436	0.4871794871794872	0.7008547008547008	0.8951219512195122	0.5609756097560975	0.5609756097560976	0.702439024390244	0.6207317073170732	0.6955128205128205	0.641025641025641	0.7467948717948718	0.5544871794871795	0.8621794871794871
0.7692307692307692	0.43589743589743585	0.3418803418803419	0.7948717948717948	0.48717948717948717	0.5280487804878049	0.7158536585365853	0.7963414634146342	0.8719512195121951	0.8219512195121952	0.5160256410256411	0.875	0.5096153846153846	0.8461538461538461	0.8397435897435898
0.6239316239316239	0.4700854700854701	0.23076923076923073	0.7606837606837608	0.376068376068376	0.7682926829268293	0.6707317073170731	0.8463414634146341	0.8268292682926829	0.8902439024390244	0.28205128205128205	0.6153846153846154	0.7115384615384616	0.8974358974358974	0.7884615384615385
0.7948717948717948	0.5128205128205128	0.7179487179487178	0.7521367521367521	0.829059829059829	0.5475609756097561	0.674390243902439	0.7353658536585366	0.7426829268292683	0.7463414634146341	0.7147435897435898	0.967948717948718	0.7147435897435898	0.8141025641025642	0.8333333333333334
0.3504273504273504	0.7435897435897436	0.5897435897435898	0.41880341880341876	0.5982905982905982	0.8634146341463415	0.8317073170731707	0.8146341463414635	0.7085365853658536	0.8060975609756097	0.6891025641025641	0.548076923076923	0.8076923076923077	0.8717948717948718	0.8493589743589743
0.9487179487179487	0.5555555555555556	0.8803418803418803	0.7777777777777778	0.6495726495726495	0.7073170731707317	0.8304878048780489	0.8585365853658536	0.8829268292682926	0.8231707317073171	0.5032051282051282	0.6185897435897436	0.6185897435897435	0.8814102564102564	0.8429487179487181
0.48717948717948717	0.7094017094017093	0.9914529914529915	0.6837606837606838	0.46153846153846156	0.551219512195122	0.6268292682926829	0.6634146341463414	0.603658536585366	0.6658536585365853	0.891025641025641	0.5480769230769231	0.7083333333333334	0.8685897435897436	0.8942307692307692
0.29059829059829057	0.4615384615384615	0.4700854700854701	0.5897435897435896	0.4615384615384615	0.7585365853658537	0.4780487804878049	0.948780487804878	0.7170731707317073	0.7865853658536585	0.6346153846153847	0.9615384615384615	0.3653846153846154	0.7083333333333334	0.7564102564102564
0.5982905982905983	0.3418803418803419	0.4444444444444444	0.4786324786324786	0.641025641025641	0.752439024390244	0.35243902439024394	0.6646341463414634	0.874390243902439	0.9585365853658536	0.5576923076923077	0.5576923076923077	0.7179487179487181	0.8589743589743589	0.9391025641025641
0.7948717948717949	0.8034188034188033	0.4444444444444444	0.059829059829059825	0.8034188034188035	0.4792682926829268	0.6780487804878049	0.8219512195121952	0.5646341463414635	0.7036585365853658	0.8365384615384615	0.8493589743589743	0.9262820512820512	0.8878205128205129	0.9294871794871795
0.5811965811965811	0.7264957264957265	0.452991452991453	0.811965811965812	0.47863247863247865	0.6963414634146341	0.474390243902439	0.9146341463414634	0.6890243902439024	0.6926829268292684	0.8846153846153846	0.8365384615384616	0.8365384615384616	0.8685897435897436	0.7307692307692308
0.6752136752136751	0.5811965811965812	0.47008547008547	0.3504273504273504	0.6068376068376069	0.6134146341463415	0.5951219512195122	0.7121951219512195	0.6792682926829269	0.9621951219512195	0.6506410256410257	0.5865384615384616	0.7243589743589743	0.7275641025641025	0.6698717948717948
0.6837606837606837	0.6752136752136753	0.3846153846153846	0.49572649572649574	0.7094017094017094	0.14268292682926828	0.5378048780487805	0.8073170731707318	0.8634146341463413	0.7804878048780487	0.39102564102564097	0.8717948717948718	0.6891025641025641	0.8525641025641026	0.7948717948717949
0.4871794871794871	0.6581196581196581	0.7435897435897436	0.6837606837606838	0.7435897435897436	0.625609756097561	0.8670731707317073	0.8341463414634146	0.6146341463414635	0.8463414634146341	0.34294871794871795	0.5737179487179487	0.9262820512820512	0.8685897435897436	0.7115384615384616
0.41025641025641024	0.4700854700854701	0.6324786324786325	0.641025641025641	0.8034188034188035	0.37682926829268293	0.9048780487804877	0.6890243902439024	0.7951219512195122	0.8634146341463416	0.6153846153846154	0.6314102564102564	0.7243589743589743	0.8173076923076922	0.8205128205128205
0.9401709401709402	0.7606837606837606	0.5897435897435896	0.7692307692307693	0.5213675213675214	0.7524390243902439	0.46829268292682924	0.698780487804878	0.8621951219512195	0.7841463414634147	0.48397435897435903	0.5032051282051282	0.5512820512820513	0.8108974358974359	0.6538461538461539
0.358974358974359	0.9572649572649572	0.4188034188034188	0.5384615384615384	0.7777777777777777	0.7280487804878049	0.848780487804878	0.5963414634146341	0.6682926829268293	0.8158536585365853	0.5961538461538461	0.5224358974358975	0.4871794871794872	0.9455128205128206	0.8557692307692307
0.5555555555555555	0.5470085470085471	0.36752136752136744	0.6581196581196581	0.6837606837606838	0.4036585365853658	0.5487804878048781	0.7304878048780488	0.6402439024390244	0.8085365853658537	0.7692307692307693	0.4294871794871795	0.8910256410256411	0.7403846153846154	0.7147435897435898
0.4700854700854701	0.5555555555555556	0.7521367521367521	0.5128205128205128	0.5042735042735043	0.5158536585365854	0.6841463414634146	0.3719512195121951	0.65	0.6109756097560975	0.516025641025641	0.7852564102564102	0.6698717948717949	0.9006410256410257	0.8365384615384617
0.7179487179487181	0.9401709401709402	0.4957264957264957	0.717948717948718	0.547008547008547	0.6707317073170731	0.8341463414634147	0.7780487804878048	0.8926829268292683	0.823170731707317	0.9102564102564102	0.6474358974358974	0.8910256410256411	0.9038461538461539	0.8717948717948718
0.8717948717948718	0.7777777777777778	0.6153846153846154	0.7008547008547009	0.8461538461538461	0.8463414634146342	0.6487804878048781	0.8792682926829268	0.8426829268292683	0.8865853658536585	0.75	0.9455128205128206	0.7948717948717948	0.6794871794871794	0.8044871794871795
0.7863247863247863	0.7435897435897435	0.7179487179487181	0.6068376068376069	0.7692307692307693	0.697560975609756	0.5097560975609756	0.7999999999999999	0.6329268292682927	0.7609756097560976	0.6378205128205128	0.7980769230769231	0.6666666666666666	0.7532051282051281	0.8782051282051282
0.11965811965811965	0.6837606837606838	0.5042735042735043	0.8376068376068376	0.6752136752136753	0.45487804878048776	0.4426829268292683	0.826829268292683	0.8317073170731707	0.724390243902439	0.5897435897435898	0.7628205128205129	0.6346153846153846	0.9262820512820512	0.7628205128205129
0.2564102564102564	0.4957264957264957	0.7692307692307692	0.8205128205128205	0.717948717948718	0.7634146341463415	0.6817073170731708	0.7609756097560975	0.6963414634146341	0.7707317073170732	0.6602564102564102	0.49038461538461536	0.7275641025641025	0.6858974358974359	0.8525641025641026
0.6666666666666666	0.4615384615384615	0.7521367521367521	0.6752136752136753	0.6666666666666666	0.6121951219512195	0.6890243902439025	0.573170731707317	0.9182926829268292	0.7536585365853659	0.8044871794871795	0.7724358974358975	0.47756410256410253	0.7243589743589745	0.8846153846153846
0.5811965811965811	0.3931623931623931	0.4017094017094017	0.5555555555555556	0.6923076923076923	0.8158536585365854	0.6829268292682927	0.8	0.9170731707317074	0.8634146341463416	1.0	0.7884615384615385	0.5032051282051282	0.9487179487179487	0.6185897435897436
0.4786324786324786	0.6495726495726495	0.4358974358974359	0.7008547008547008	0.7692307692307693	0.9121951219512195	0.7719512195121953	0.7792682926829269	0.7987804878048781	0.7439024390243902	0.35576923076923084	0.5	0.6217948717948718	0.516025641025641	0.6474358974358976
0.6324786324786325	0.6837606837606838	0.29059829059829057	0.3504273504273504	0.7606837606837606	0.6926829268292684	0.46219512195121953	0.7646341463414634	0.8939024390243903	0.8926829268292683	0.8141025641025641	0.7596153846153846	0.6794871794871795	0.9166666666666666	0.7724358974358975
0.5128205128205128	0.7435897435897436	0.5982905982905983	0.6068376068376068	0.6068376068376068	0.6573170731707317	0.8512195121951218	0.4158536585365854	0.7268292682926829	0.8048780487804879	0.766025641025641	0.423076923076923	0.6121794871794872	0.6634615384615385	0.9326923076923077
0.9145299145299146	0.36752136752136755	0.8034188034188033	0.5811965811965812	0.8803418803418803	0.6451219512195122	0.9841463414634147	0.8292682926829268	0.6914634146341463	0.8085365853658536	0.7660256410256411	0.6057692307692308	0.8269230769230769	0.8333333333333333	0.7724358974358975
0.4786324786324786	0.4358974358974359	0.49572649572649574	0.8461538461538461	0.8632478632478633	0.5695121951219513	0.425609756097561	0.6414634146341464	0.8865853658536585	0.6109756097560975	0.40064102564102566	0.5769230769230769	0.826923076923077	0.7083333333333334	0.9487179487179487
0.5641025641025641	0.7094017094017094	0.5982905982905983	0.8632478632478633	0.42735042735042733	0.38170731707317074	0.65	0.5817073170731708	0.6853658536585365	0.6817073170731708	0.7948717948717948	0.6987179487179487	0.47115384615384615	0.9294871794871795	0.5705128205128206
0.2222222222222222	0.5213675213675213	0.7948717948717948	0.8034188034188035	0.7948717948717949	0.9060975609756098	0.6548780487804878	0.8817073170731707	0.7829268292682927	0.7597560975609755	0.9487179487179487	0.5384615384615385	0.5801282051282052	0.6057692307692307	0.7339743589743589
0.6068376068376069	0.5555555555555556	0.7264957264957265	0.7777777777777777	0.7606837606837606	0.7902439024390244	0.6378048780487805	0.6609756097560976	0.7780487804878048	0.9560975609756097	0.5801282051282051	0.9102564102564102	0.4391025641025641	0.9711538461538461	0.7115384615384616
0.6495726495726496	0.4615384615384615	0.5982905982905983	0.358974358974359	0.9401709401709402	0.1682926829268293	0.35609756097560974	0.5463414634146342	0.9439024390243903	0.7573170731707317	0.6923076923076923	0.45833333333333337	0.9583333333333333	0.7243589743589742	0.8557692307692308
0.37606837606837606	0.2649572649572649	0.6923076923076923	0.4957264957264957	0.7521367521367522	0.7914634146341463	0.6804878048780487	0.8926829268292682	0.7402439024390244	0.7878048780487804	0.7916666666666667	0.5544871794871795	0.6891025641025641	0.733974358974359	0.8141025641025641
0.5982905982905983	0.905982905982906	0.982905982905983	0.5811965811965811	0.7264957264957265	0.775609756097561	0.8341463414634147	0.8829268292682927	0.7548780487804878	0.7219512195121951	0.8237179487179487	0.8814102564102565	0.9455128205128206	0.7564102564102565	0.9294871794871795
0.5384615384615383	0.7264957264957266	0.6581196581196581	0.905982905982906	0.9487179487179487	0.5341463414634147	0.7804878048780488	0.7182926829268292	0.7378048780487805	0.7378048780487806	0.5352564102564102	0.7435897435897436	0.8846153846153846	0.5512820512820513	0.7115384615384616
0.2735042735042735	0.5128205128205128	0.7521367521367521	0.6410256410256411	0.7777777777777778	0.8743902439024389	0.7048780487804878	0.7463414634146341	0.7573170731707317	0.8170731707317074	0.4871794871794872	0.9391025641025641	0.5416666666666666	0.6762820512820512	0.8782051282051282
0.4358974358974359	0.33333333333333326	0.5042735042735043	0.8547008547008547	0.36752136752136755	0.3670731707317073	0.7219512195121951	0.75	0.723170731707317	0.7365853658536585	0.9423076923076923	0.6057692307692307	0.7724358974358975	0.5929487179487181	0.858974358974359
0.6923076923076922	0.8205128205128206	0.8547008547008547	0.5384615384615385	0.6837606837606838	0.6097560975609756	0.40975609756097564	0.7695121951219512	0.8829268292682927	0.8292682926829269	0.23717948717948717	0.6410256410256411	0.4871794871794872	0.8076923076923077	0.7403846153846154
0.7264957264957265	0.17948717948717946	0.7094017094017094	0.8632478632478633	0.8376068376068376	0.7256097560975608	0.6231707317073171	0.5329268292682927	0.5621951219512195	0.7048780487804879	0.6698717948717948	0.5512820512820513	0.6217948717948717	0.5384615384615384	0.7403846153846154
0.4017094017094017	0.4786324786324786	0.8888888888888888	0.7948717948717948	0.7606837606837605	0.6487804878048781	0.6609756097560976	0.45	0.6487804878048781	0.7146341463414634	0.625	0.7403846153846154	0.7692307692307693	0.7692307692307692	0.6057692307692308
0.5811965811965811	0.6239316239316239	0.6923076923076923	0.7948717948717948	0.6068376068376068	0.8414634146341463	0.7073170731707317	0.5036585365853659	0.5231707317073171	0.6658536585365854	0.3621794871794871	0.7243589743589745	0.9038461538461539	0.9358974358974359	0.9743589743589745
0.41025641025641024	0.5555555555555556	0.7435897435897436	0.7008547008547008	0.5128205128205128	0.5865853658536585	0.6439024390243903	0.8597560975609756	0.7304878048780488	0.6731707317073171	0.8044871794871795	0.5256410256410255	0.8621794871794871	0.717948717948718	0.657051282051282
0.6239316239316239	0.6581196581196581	0.641025641025641	0.6837606837606838	0.6923076923076923	0.6634146341463415	0.7195121951219512	0.6768292682926829	0.7475609756097561	0.7341463414634146	0.625	0.9006410256410257	0.6826923076923077	0.8269230769230769	0.8621794871794872
0.2393162393162393	0.5641025641025641	0.282051282051282	0.982905982905983	0.6837606837606838	0.7560975609756098	0.6817073170731707	0.7670731707317073	0.7841463414634146	0.7	0.8814102564102564	0.3878205128205128	0.8717948717948718	0.5705128205128206	0.782051282051282
0.6153846153846154	0.6752136752136751	0.7863247863247863	0.5982905982905984	0.7863247863247863	0.6195121951219512	0.697560975609756	0.6426829268292682	0.7073170731707317	0.8768292682926829	0.6794871794871795	0.903846153846154	0.6346153846153846	0.5993589743589742	0.8782051282051282
0.7264957264957265	0.7264957264957265	0.47008547008547	0.6581196581196581	0.641025641025641	0.7158536585365853	0.2658536585365854	0.7024390243902439	0.724390243902439	0.9634146341463414	0.4166666666666667	0.6282051282051282	0.5032051282051282	0.7147435897435898	0.8942307692307692
0.4358974358974359	0.846153846153846	0.8717948717948718	0.6068376068376068	0.5811965811965812	0.5634146341463414	0.625609756097561	0.6743902439024391	0.8012195121951219	0.8341463414634147	0.7435897435897436	0.9519230769230769	0.7243589743589743	0.8910256410256411	0.9487179487179487
0.829059829059829	0.4957264957264957	0.49572649572649574	0.21367521367521367	0.8461538461538461	0.9975609756097561	0.38902439024390245	0.8280487804878048	0.7170731707317073	0.624390243902439	0.6698717948717949	0.6730769230769231	0.6185897435897436	0.8846153846153847	0.7980769230769231
0.28205128205128205	0.752136752136752	0.547008547008547	0.6837606837606838	0.9145299145299145	0.7658536585365854	0.5292682926829269	0.7219512195121951	0.7402439024390244	0.7048780487804878	0.7724358974358974	0.8589743589743589	0.8878205128205128	0.7692307692307692	0.6730769230769231
0.6153846153846154	0.6923076923076923	0.7777777777777778	0.6324786324786325	0.49572649572649574	0.6304878048780488	0.8524390243902439	0.8939024390243901	0.7573170731707318	0.8682926829268293	0.6634615384615385	0.4807692307692307	0.9230769230769231	0.9647435897435898	0.8525641025641025
0.47008547008546997	0.547008547008547	0.6923076923076923	0.641025641025641	0.905982905982906	0.3341463414634146	0.9243902439024391	0.8658536585365854	0.8158536585365854	0.6536585365853659	0.46794871794871795	0.7211538461538461	0.6025641025641026	0.7371794871794872	0.8942307692307692
0.3418803418803419	0.7350427350427351	0.9316239316239316	0.7094017094017093	0.6837606837606838	0.9024390243902439	0.8463414634146341	0.7219512195121951	0.9073170731707317	0.7085365853658536	0.6121794871794872	0.5673076923076923	0.6987179487179487	0.6987179487179487	0.8237179487179487
0.7008547008547008	0.42735042735042733	0.3846153846153846	0.6837606837606838	0.9401709401709402	0.702439024390244	0.5573170731707316	0.526829268292683	0.7560975609756098	0.7134146341463414	0.5865384615384616	0.6121794871794871	0.9006410256410255	0.8012820512820513	0.6955128205128205
0.6581196581196581	0.6666666666666666	0.9059829059829059	0.7863247863247863	0.7606837606837608	0.8134146341463415	0.674390243902439	0.8304878048780489	0.6853658536585366	0.6707317073170732	0.3557692307692308	0.5929487179487178	0.7692307692307693	0.9326923076923077	0.7884615384615384
0.9914529914529915	0.7264957264957265	0.5299145299145299	0.5982905982905983	0.7264957264957265	0.7524390243902439	0.6109756097560975	0.6121951219512195	0.7219512195121951	0.7378048780487805	0.8557692307692307	1.0	0.8942307692307693	0.8942307692307693	0.6282051282051282
0.4871794871794871	0.3076923076923077	0.6581196581196581	0.888888888888889	0.8717948717948718	0.36829268292682926	0.751219512195122	0.6621951219512195	0.801219512195122	0.6280487804878049	0.6217948717948718	0.8814102564102564	0.6410256410256411	0.6378205128205129	0.7243589743589743
0.8290598290598291	0.7094017094017094	0.8034188034188033	0.7863247863247863	0.45299145299145294	0.674390243902439	0.7987804878048781	0.7951219512195121	0.65	0.8231707317073171	0.36858974358974356	0.8493589743589743	0.6314102564102564	0.8621794871794872	0.7756410256410257
0.5982905982905983	0.5213675213675213	0.43589743589743585	0.7264957264957266	0.6581196581196581	0.39146341463414636	0.6658536585365854	0.6756097560975609	0.7621951219512195	0.7378048780487805	0.4967948717948718	0.7788461538461537	0.8173076923076923	0.7051282051282051	0.9326923076923077
0.6324786324786325	0.6410256410256411	0.982905982905983	0.4444444444444444	0.641025641025641	0.8121951219512195	0.8292682926829269	0.8219512195121952	0.7658536585365854	0.801219512195122	0.6025641025641026	0.7884615384615385	0.9551282051282051	0.9198717948717948	0.7564102564102565
0.48717948717948717	0.4188034188034188	0.4786324786324786	0.40170940170940167	0.717948717948718	0.5719512195121951	0.6719512195121952	0.9048780487804878	0.5939024390243903	0.6475609756097561	0.6730769230769231	0.41346153846153844	0.5288461538461539	0.9006410256410257	0.657051282051282
0.6068376068376068	0.888888888888889	0.829059829059829	0.811965811965812	0.6923076923076923	0.43170731707317067	0.6975609756097562	0.5414634146341464	0.7670731707317073	0.7158536585365853	0.6634615384615385	0.6314102564102564	0.8653846153846153	0.842948717948718	0.8685897435897436
0.6068376068376068	0.48717948717948717	0.5042735042735043	0.6068376068376069	0.7094017094017093	0.6329268292682927	0.9621951219512195	0.8414634146341464	0.8707317073170733	0.8036585365853659	0.641025641025641	0.625	0.6955128205128205	0.8717948717948718	0.6506410256410257
0.49572649572649574	0.8803418803418803	0.3931623931623931	0.6752136752136753	0.5384615384615384	0.7390243902439024	0.6146341463414634	0.6792682926829269	0.7634146341463415	0.651219512195122	0.9006410256410257	0.6955128205128205	0.7820512820512822	0.9807692307692308	0.7371794871794871
0.7094017094017094	0.8034188034188035	0.6068376068376068	0.7094017094017093	0.43589743589743585	0.6780487804878049	0.6329268292682926	0.8353658536585367	0.801219512195122	0.9378048780487804	0.625	0.9006410256410257	0.5192307692307693	0.8044871794871795	0.6442307692307693
0.7863247863247863	0.3846153846153846	0.6324786324786325	0.547008547008547	0.8205128205128205	0.6292682926829269	0.4817073170731707	0.8817073170731707	0.7682926829268293	0.7682926829268293	0.7019230769230769	0.733974358974359	0.9615384615384616	0.8942307692307693	0.6570512820512822
0.8803418803418803	0.41880341880341876	0.6752136752136753	0.6495726495726496	0.2735042735042735	0.9012195121951219	0.6292682926829268	0.676829268292683	0.8060975609756098	0.9341463414634146	0.9358974358974359	0.983974358974359	0.6987179487179487	0.7211538461538461	0.8621794871794872
1.0	0.30769230769230765	0.6324786324786325	0.7179487179487178	0.7094017094017093	0.7378048780487806	0.7378048780487805	0.7853658536585366	0.7719512195121951	0.9463414634146341	0.9326923076923077	0.5833333333333333	0.483974358974359	0.8782051282051282	0.8333333333333333
0.7948717948717948	0.7350427350427351	0.37606837606837606	0.8461538461538463	0.7264957264957266	0.4463414634146341	0.8621951219512195	0.9402439024390244	0.8073170731707318	0.8182926829268292	0.7532051282051281	0.7820512820512822	0.8974358974358975	0.5961538461538461	0.7115384615384616
0.5811965811965812	0.3846153846153846	0.5897435897435898	0.8547008547008548	0.9316239316239316	0.6682926829268293	0.8353658536585366	0.7609756097560976	0.8170731707317074	0.8146341463414635	0.9006410256410257	0.7115384615384615	0.7596153846153846	0.6858974358974359	0.7532051282051281
0.42735042735042733	0.6153846153846154	0.658119658119658	0.6923076923076923	0.8717948717948718	0.5975609756097561	0.7597560975609756	0.8560975609756097	0.7292682926829268	0.725609756097561	0.8814102564102565	0.42307692307692313	0.8942307692307692	0.5673076923076923	0.5897435897435898
0.6752136752136753	0.7606837606837606	0.7094017094017094	0.641025641025641	0.7863247863247862	0.5890243902439024	0.926829268292683	0.625609756097561	0.7036585365853658	0.8768292682926829	0.5705128205128205	0.5096153846153846	0.75	0.5448717948717949	0.9775641025641025
0.7008547008547009	0.9145299145299146	0.29059829059829057	0.7264957264957265	0.6752136752136751	0.8841463414634146	0.6585365853658537	0.7621951219512194	0.9365853658536586	0.7353658536585366	0.7275641025641026	0.7083333333333333	0.8685897435897436	0.6314102564102564	0.8525641025641026
0.32478632478632474	0.829059829059829	0.547008547008547	0.7863247863247864	0.7948717948717949	0.6353658536585366	0.9378048780487804	0.8182926829268292	0.7426829268292683	0.8134146341463414	0.6506410256410257	0.75	0.7307692307692308	0.641025641025641	0.7467948717948718
0.4188034188034188	0.6923076923076923	0.4615384615384615	0.4444444444444444	0.5128205128205128	0.7097560975609756	0.7695121951219512	0.5182926829268293	0.6060975609756097	0.6195121951219511	0.576923076923077	0.5256410256410255	0.5705128205128206	0.9102564102564101	0.7403846153846154
0.7948717948717948	0.8376068376068375	0.8717948717948717	0.5555555555555556	0.8888888888888888	0.4634146341463415	0.6085365853658536	0.7317073170731707	0.852439024390244	0.7939024390243903	0.875	0.7692307692307692	0.9102564102564101	0.4423076923076923	0.8044871794871795
0.41025641025641024	0.8205128205128205	0.8632478632478633	0.6239316239316239	0.5897435897435898	0.6317073170731707	0.6060975609756097	0.6914634146341464	0.8219512195121952	0.6231707317073171	0.5801282051282051	0.6346153846153846	0.7083333333333333	0.9006410256410257	0.8557692307692307
0.735042735042735	0.9572649572649573	0.7521367521367521	0.8034188034188033	0.7521367521367521	0.32195121951219513	0.3719512195121951	0.7341463414634146	0.6487804878048781	0.8756097560975609	0.3846153846153846	0.8846153846153846	0.6794871794871795	0.576923076923077	0.7724358974358975
0.7948717948717949	0.6923076923076923	0.7435897435897436	0.6837606837606837	0.5982905982905983	0.647560975609756	0.828048780487805	0.6560975609756098	0.8109756097560975	0.8853658536585366	0.46794871794871795	0.9134615384615384	0.8589743589743589	0.75	0.8333333333333334
0.4786324786324786	0.6153846153846154	0.4273504273504274	0.49572649572649563	0.8974358974358975	0.9195121951219513	0.45487804878048776	0.5707317073170731	0.6121951219512195	0.6609756097560976	0.8012820512820513	0.7275641025641026	0.6762820512820513	0.7596153846153846	0.8108974358974358
0.6068376068376068	0.9487179487179487	0.4615384615384615	0.4786324786324786	0.641025641025641	0.3536585365853659	0.4207317073170732	0.6939024390243902	0.8304878048780489	0.8817073170731707	0.43910256410256415	0.814102564102564	0.782051282051282	0.75	0.9615384615384616
0.8205128205128205	0.7863247863247863	0.641025641025641	0.6923076923076923	0.8974358974358975	0.11463414634146343	0.8646341463414634	0.7804878048780488	0.728048780487805	0.6121951219512195	0.358974358974359	0.483974358974359	0.7307692307692307	0.5801282051282052	0.6987179487179487
0.8803418803418804	0.547008547008547	0.5384615384615384	0.43589743589743585	0.47863247863247865	0.7036585365853659	0.853658536585366	0.7658536585365854	0.8463414634146341	0.8451219512195121	0.625	0.4615384615384615	0.6602564102564104	0.7948717948717949	0.8205128205128205
0.8205128205128205	0.5555555555555556	0.6752136752136753	0.7008547008547008	0.7777777777777777	0.7146341463414635	0.7048780487804878	0.673170731707317	0.7841463414634147	0.9170731707317074	0.6506410256410257	0.3653846153846154	0.5288461538461539	0.7628205128205129	0.7884615384615384
0.7863247863247863	0.8205128205128206	0.28205128205128205	0.5128205128205128	0.8205128205128205	0.6475609756097561	0.5670731707317074	0.4353658536585366	0.6048780487804878	0.8085365853658537	0.6506410256410255	0.8461538461538461	0.9198717948717948	0.8108974358974359	0.8269230769230769
0.8803418803418803	0.23076923076923075	0.2649572649572649	0.7777777777777778	0.8717948717948718	0.37682926829268293	0.7426829268292683	0.8939024390243903	0.6597560975609756	0.7548780487804878	0.6506410256410257	0.7532051282051282	0.5512820512820512	0.6955128205128206	0.8846153846153846
0.9059829059829061	0.6752136752136751	0.4786324786324786	0.6324786324786325	0.7094017094017095	0.5146341463414634	0.6000000000000001	0.8219512195121952	0.6951219512195123	0.8768292682926829	0.16025641025641024	0.6282051282051282	0.8044871794871795	0.6346153846153846	0.6506410256410257
0.6666666666666666	0.6153846153846153	0.6068376068376068	0.42735042735042733	0.6837606837606838	0.6841463414634147	0.49634146341463414	0.6378048780487806	0.625609756097561	0.7719512195121951	0.6506410256410257	0.6282051282051282	0.9262820512820513	0.842948717948718	0.8557692307692308
0.7435897435897436	0.4700854700854701	0.5811965811965811	0.5470085470085471	0.3589743589743589	0.5902439024390244	0.9621951219512195	0.6841463414634146	0.6073170731707317	0.6353658536585365	0.3974358974358974	0.8814102564102565	0.7692307692307693	0.826923076923077	0.8012820512820512
0.6752136752136751	0.6581196581196582	0.5555555555555556	0.42735042735042733	0.5811965811965811	0.875609756097561	0.7024390243902439	0.7012195121951219	0.7719512195121951	0.701219512195122	0.721153846153846	0.6794871794871795	0.9775641025641025	0.8397435897435898	0.9102564102564104
0.6324786324786325	0.11965811965811964	0.3931623931623931	0.5384615384615384	0.6666666666666667	0.7109756097560975	0.9207317073170732	0.8548780487804878	0.8121951219512195	0.8390243902439024	0.891025641025641	0.7564102564102564	0.7788461538461539	0.6506410256410257	0.8301282051282051
0.5726495726495726	0.7350427350427351	0.5982905982905983	0.7435897435897435	0.6923076923076923	0.6353658536585366	0.6890243902439024	0.7158536585365854	0.8341463414634146	0.9195121951219513	0.6666666666666666	0.6410256410256411	0.5096153846153846	0.7243589743589743	0.6987179487179488
0.735042735042735	0.7094017094017094	0.5641025641025641	0.8547008547008547	0.452991452991453	0.3646341463414634	0.8585365853658536	0.6682926829268293	0.8024390243902438	0.7536585365853659	0.9583333333333334	0.7596153846153846	0.9775641025641026	0.7628205128205129	0.7435897435897436
0.6837606837606838	0.3589743589743589	0.6495726495726495	0.5042735042735043	0.6495726495726495	0.7109756097560975	0.651219512195122	0.8097560975609757	0.7670731707317073	0.75	0.7467948717948718	0.7403846153846154	0.7339743589743589	0.6570512820512822	0.7884615384615384
0.8717948717948718	0.7606837606837606	0.6837606837606838	0.829059829059829	0.641025641025641	0.6695121951219513	0.6682926829268292	0.7329268292682927	0.4951219512195122	0.8121951219512195	0.6282051282051282	0.5993589743589745	0.766025641025641	0.7532051282051281	0.6730769230769231
0.4786324786324786	0.735042735042735	0.6581196581196581	0.5811965811965812	0.6923076923076923	0.4646341463414634	0.9195121951219511	0.6195121951219513	0.5756097560975609	0.578048780487805	0.9294871794871794	0.5128205128205128	0.7564102564102564	0.7724358974358975	0.7403846153846153
0.6923076923076923	0.547008547008547	0.9401709401709402	0.5384615384615384	0.5641025641025641	0.6573170731707317	0.8707317073170732	0.6853658536585366	0.8060975609756097	0.8060975609756098	0.7596153846153846	0.8044871794871795	0.3717948717948718	0.721153846153846	0.9807692307692307
0.6666666666666667	0.46153846153846156	0.2991452991452991	0.6068376068376068	0.9230769230769231	0.6329268292682927	0.8097560975609757	0.8268292682926829	0.7329268292682927	0.7536585365853659	0.5737179487179487	0.8076923076923077	0.6730769230769231	0.6346153846153846	0.8205128205128205
0.3504273504273504	0.7948717948717948	0.42735042735042733	0.7692307692307693	0.4700854700854701	0.6121951219512195	0.2634146341463414	0.4804878048780488	0.8609756097560975	0.6890243902439024	0.5993589743589745	0.592948717948718	0.7115384615384616	0.5961538461538461	0.7628205128205128
0.4871794871794871	0.39316239316239315	0.7264957264957265	0.6239316239316239	0.8376068376068375	0.6926829268292684	0.474390243902439	0.8439024390243903	0.5646341463414635	0.6865853658536585	0.7692307692307692	0.9871794871794872	0.7371794871794872	0.4230769230769231	0.7820512820512819
0.2393162393162393	0.6581196581196581	0.547008547008547	0.7264957264957265	0.5982905982905983	0.8292682926829269	0.8585365853658536	0.6865853658536585	0.8341463414634147	0.8670731707317074	0.44871794871794873	0.39743589743589747	0.826923076923077	0.8333333333333334	0.7147435897435896
0.2564102564102564	0.21367521367521364	0.2564102564102564	0.7777777777777777	0.8632478632478633	0.524390243902439	0.6231707317073171	0.5695121951219513	0.9268292682926829	0.8207317073170732	0.6121794871794872	0.7435897435897436	0.6346153846153847	0.7948717948717948	0.875
0.6410256410256411	0.641025641025641	0.7521367521367521	0.8974358974358974	0.5811965811965811	0.5390243902439025	0.36951219512195127	0.8585365853658538	0.8097560975609757	0.7195121951219512	0.7532051282051282	0.9262820512820513	0.5673076923076924	0.7596153846153846	0.7467948717948717
0.8034188034188035	0.5128205128205128	0.6752136752136753	0.8461538461538461	0.6837606837606838	0.7085365853658537	0.8195121951219513	0.6804878048780488	0.7560975609756098	0.7670731707317073	0.7019230769230769	0.5961538461538461	0.798076923076923	0.733974358974359	0.8525641025641026
0.5213675213675213	0.7435897435897435	0.5128205128205128	0.7692307692307692	0.905982905982906	0.5682926829268292	0.7658536585365853	0.46219512195121953	0.9	0.8109756097560975	0.7660256410256411	0.6410256410256411	0.6794871794871795	0.7692307692307693	0.6442307692307693
0.8034188034188035	0.7777777777777778	0.5384615384615384	0.8034188034188035	0.8632478632478633	0.724390243902439	0.7182926829268294	0.6743902439024391	0.7829268292682927	0.6878048780487805	0.3141025641025641	0.5448717948717948	0.7051282051282051	0.8493589743589745	0.5961538461538461
0.9316239316239315	0.3162393162393162	0.982905982905983	0.5384615384615384	0.48717948717948717	0.6256097560975611	0.7865853658536585	0.925609756097561	0.8768292682926829	0.8670731707317073	0.3269230769230769	0.6634615384615384	0.3846153846153846	0.6314102564102565	0.8397435897435898
0.39316239316239315	0.3418803418803419	0.3675213675213675	0.6153846153846154	0.7094017094017093	0.7926829268292682	0.44634146341463415	0.9	0.978048780487805	0.6109756097560977	0.6666666666666666	0.7275641025641026	0.7051282051282051	0.8717948717948718	0.6955128205128206
0.4273504273504273	0.5128205128205128	0.8461538461538461	0.4615384615384615	0.7521367521367522	0.8170731707317073	0.5060975609756098	0.5585365853658537	0.5585365853658537	0.7073170731707317	0.858974358974359	0.592948717948718	0.7467948717948718	0.5769230769230769	0.8012820512820513
0.358974358974359	0.658119658119658	0.49572649572649574	0.8034188034188033	0.5128205128205129	0.6853658536585366	0.5768292682926829	0.8134146341463415	0.6097560975609756	0.7670731707317073	0.5576923076923077	0.41666666666666663	0.6826923076923077	0.9262820512820512	0.7852564102564104
0.6068376068376068	0.28205128205128205	0.7435897435897436	0.9145299145299145	0.658119658119658	0.501219512195122	0.8634146341463415	0.6280487804878049	0.7743902439024392	0.8536585365853658	0.625	0.7147435897435898	0.6634615384615384	0.7083333333333334	0.7339743589743589
0.7521367521367521	0.5811965811965811	0.8461538461538461	0.8034188034188035	0.5641025641025641	0.27926829268292686	0.6926829268292682	0.6451219512195122	0.6926829268292682	0.6682926829268292	0.27564102564102566	0.8974358974358974	0.6698717948717949	0.9038461538461537	0.8621794871794872
0.7094017094017093	0.717948717948718	0.7692307692307693	0.9316239316239316	0.5641025641025641	0.49390243902439024	0.974390243902439	0.5817073170731707	0.8585365853658536	0.7707317073170731	0.8621794871794872	0.6634615384615384	0.7628205128205128	0.8685897435897436	0.8557692307692308
0.6666666666666666	0.5897435897435898	0.5213675213675213	0.6752136752136753	0.717948717948718	0.9060975609756098	0.598780487804878	0.7731707317073171	0.6975609756097562	0.874390243902439	0.641025641025641	0.9455128205128205	0.3974358974358974	0.8685897435897436	0.7980769230769231
0.8974358974358975	0.4957264957264957	0.7264957264957265	0.6410256410256411	0.40170940170940167	0.6670731707317074	0.5560975609756098	0.5804878048780487	0.9195121951219513	0.9109756097560976	0.2564102564102564	0.3685897435897436	0.5608974358974359	0.8653846153846154	0.7884615384615384
0.7179487179487178	0.5128205128205128	0.6495726495726496	0.5897435897435898	0.6495726495726496	0.7048780487804878	0.7658536585365854	0.8548780487804878	0.9500000000000001	0.8390243902439024	0.6153846153846154	0.5801282051282052	0.75	0.858974358974359	0.8653846153846153
0.30769230769230765	0.3589743589743589	0.3931623931623931	0.6495726495726495	0.7435897435897436	0.5231707317073171	0.9304878048780488	0.7914634146341464	0.776829268292683	0.8487804878048781	0.6025641025641025	0.7243589743589745	0.7756410256410257	0.8269230769230769	0.7532051282051282
0.24786324786324782	0.5128205128205128	0.3675213675213675	0.34188034188034183	0.5299145299145299	0.7048780487804878	0.39146341463414636	0.4768292682926829	0.8121951219512196	0.8219512195121951	0.375	0.8653846153846153	0.983974358974359	0.6089743589743589	0.8012820512820513
0.4615384615384615	0.8461538461538461	0.8376068376068375	0.4871794871794871	0.7094017094017093	0.33902439024390246	0.5499999999999999	0.6536585365853659	0.9695121951219512	0.7670731707317073	0.7307692307692307	0.45833333333333337	0.5320512820512819	0.592948717948718	0.5769230769230769
0.48717948717948717	0.923076923076923	0.8290598290598291	0.8717948717948718	0.7435897435897435	0.8707317073170732	0.8536585365853658	0.5890243902439024	0.9463414634146341	0.6914634146341464	0.7211538461538463	0.9358974358974359	0.592948717948718	0.608974358974359	0.9519230769230769
0.6837606837606838	0.7008547008547009	0.5982905982905983	0.17094017094017092	0.7863247863247863	0.4036585365853658	0.6048780487804878	0.6182926829268293	0.5353658536585366	0.8670731707317073	0.32371794871794873	0.7115384615384617	0.6121794871794871	0.7307692307692307	0.9006410256410257
0.5384615384615385	0.9316239316239316	0.8461538461538461	0.7692307692307693	0.5897435897435896	0.1329268292682927	0.6317073170731707	0.7926829268292683	0.9621951219512196	0.7780487804878049	0.7628205128205129	0.8301282051282051	0.7916666666666666	0.7660256410256411	0.9166666666666666
0.28205128205128205	0.2136752136752137	0.6923076923076923	0.7863247863247863	0.8717948717948718	0.8390243902439025	0.501219512195122	0.9548780487804878	0.7719512195121951	0.8085365853658536	0.5480769230769231	0.9743589743589743	0.7852564102564104	0.7628205128205128	0.766025641025641
0.7179487179487181	0.29914529914529914	0.5897435897435898	0.47008547008547	0.6752136752136753	0.401219512195122	0.5353658536585366	0.5060975609756098	0.6963414634146341	0.874390243902439	0.6506410256410255	0.6217948717948718	0.9230769230769231	0.5801282051282051	0.7724358974358974
0.8461538461538461	0.47008547008547	0.735042735042735	0.6923076923076922	0.4444444444444444	0.9268292682926829	0.4621951219512196	0.7939024390243903	0.798780487804878	0.9341463414634146	0.6249999999999999	0.3782051282051282	0.6153846153846154	0.6474358974358975	0.6474358974358975
0.8632478632478633	0.9401709401709402	0.9914529914529915	0.45299145299145294	0.7008547008547008	0.5939024390243902	0.4792682926829269	0.8878048780487806	0.7109756097560975	0.5390243902439025	0.875	0.7083333333333334	0.8493589743589745	0.6153846153846154	0.5512820512820513
0.9914529914529915	0.4786324786324786	0.5299145299145299	0.717948717948718	0.7264957264957265	0.8341463414634147	0.4975609756097561	0.697560975609756	0.8182926829268292	0.8536585365853658	0.3846153846153846	0.8044871794871795	0.9166666666666667	0.9294871794871795	0.8717948717948718
0.811965811965812	0.45299145299145294	0.5384615384615384	0.7008547008547008	0.4358974358974359	0.7414634146341462	0.7853658536585366	0.9621951219512195	0.7719512195121951	0.7585365853658537	0.9455128205128206	0.8557692307692308	0.8141025641025641	0.3782051282051282	0.7243589743589745
0.5384615384615384	0.8461538461538461	0.564102564102564	0.7521367521367521	0.9401709401709402	0.22073170731707317	0.8865853658536585	0.8829268292682927	0.7060975609756097	0.8317073170731708	0.6474358974358974	0.8814102564102564	0.9647435897435898	0.6025641025641025	0.6666666666666667
0.36752136752136755	0.829059829059829	0.6923076923076923	0.8717948717948718	0.4358974358974359	0.5463414634146341	0.5341463414634147	0.8134146341463415	0.6646341463414634	0.8707317073170732	0.6346153846153846	0.625	0.5769230769230769	0.5737179487179487	0.7371794871794871
0.8547008547008548	0.6153846153846153	0.7863247863247863	0.6068376068376068	0.7521367521367521	0.43536585365853653	0.751219512195122	0.875609756097561	0.723170731707317	0.6499999999999999	0.673076923076923	0.9326923076923077	0.7788461538461539	0.8173076923076923	0.8301282051282052
0.7948717948717947	0.5042735042735043	0.5299145299145298	0.8461538461538463	0.9145299145299146	0.8695121951219512	0.7073170731707317	0.8243902439024391	0.7658536585365854	0.826829268292683	0.717948717948718	0.6025641025641026	0.3685897435897436	0.5512820512820513	0.8782051282051282
0.6153846153846154	0.6153846153846153	0.6068376068376069	0.45299145299145294	0.7863247863247863	0.5609756097560976	0.7719512195121951	0.848780487804878	0.7109756097560976	0.8304878048780487	0.6153846153846154	0.7403846153846153	0.8621794871794871	0.7500000000000001	0.8237179487179488
0.6239316239316239	0.2735042735042735	0.641025641025641	0.7008547008547008	0.8461538461538461	0.8231707317073171	0.8536585365853658	0.5878048780487805	0.7841463414634147	0.7536585365853659	0.8365384615384616	0.7307692307692307	0.8589743589743589	0.8237179487179487	0.5576923076923077
0.9316239316239316	0.8547008547008547	0.5213675213675214	0.8205128205128205	0.6068376068376068	0.725609756097561	0.7804878048780488	0.8804878048780487	0.5085365853658537	0.748780487804878	0.6666666666666667	0.7532051282051282	0.8108974358974359	0.9006410256410258	0.6089743589743589
0.5299145299145299	0.846153846153846	0.376068376068376	0.41025641025641024	0.6752136752136753	0.8060975609756098	0.65	0.8109756097560975	0.8060975609756097	0.8573170731707317	0.6987179487179487	0.8557692307692307	0.5705128205128205	0.7211538461538461	0.6794871794871795
0.9658119658119658	0.8205128205128205	0.7094017094017093	0.6324786324786325	0.5213675213675213	0.35731707317073175	0.7048780487804878	0.7439024390243902	0.7475609756097561	0.8243902439024391	0.5384615384615384	0.6955128205128205	0.45192307692307687	0.9198717948717948	0.8621794871794872
0.4273504273504274	0.6068376068376068	0.5299145299145299	0.6495726495726495	0.7008547008547008	0.5841463414634146	0.9634146341463415	0.47560975609756095	0.5817073170731707	0.8707317073170732	0.9391025641025641	0.6602564102564102	0.826923076923077	0.8685897435897436	0.6826923076923077
0.5128205128205128	0.8974358974358975	0.6153846153846153	0.7521367521367521	0.6239316239316239	0.824390243902439	0.324390243902439	0.5207317073170732	0.8036585365853658	0.774390243902439	0.8333333333333334	0.9647435897435896	0.8108974358974359	0.7724358974358975	0.6858974358974359
0.8034188034188033	0.4444444444444444	0.5811965811965811	0.7264957264957265	0.7008547008547008	0.7195121951219512	0.7170731707317073	0.7085365853658537	0.7865853658536586	0.8182926829268292	0.8333333333333334	0.6121794871794872	0.592948717948718	0.8173076923076923	0.8493589743589743
0.4358974358974358	0.4102564102564102	0.5555555555555556	0.5555555555555555	0.7008547008547008	0.5097560975609756	0.6048780487804878	0.6902439024390243	0.6939024390243902	0.7219512195121951	0.375	0.9166666666666666	0.6923076923076923	0.7307692307692307	0.7884615384615384
0.717948717948718	0.5641025641025641	0.8888888888888888	0.7606837606837606	0.5897435897435898	0.7121951219512195	0.6	0.8878048780487805	0.7829268292682927	0.7219512195121951	0.8717948717948718	0.6666666666666666	0.6955128205128206	0.9871794871794872	0.8461538461538461
0.41025641025641024	0.8119658119658119	0.7863247863247863	0.6239316239316239	0.6495726495726495	0.6585365853658537	0.47073170731707314	0.8329268292682926	0.5804878048780489	0.8365853658536585	0.8076923076923077	0.7115384615384616	0.7564102564102564	0.7948717948717949	0.923076923076923
0.8632478632478632	0.9487179487179488	0.5726495726495727	0.7008547008547008	0.7435897435897435	0.4548780487804878	0.8682926829268293	0.5609756097560975	0.8951219512195122	0.8585365853658535	0.7692307692307693	0.4839743589743589	0.7307692307692308	0.8012820512820513	0.8237179487179487
0.32478632478632474	0.3247863247863248	0.6666666666666666	0.9487179487179487	0.4786324786324786	0.8621951219512195	0.9329268292682926	0.5743902439024391	0.9414634146341463	0.802439024390244	0.9230769230769231	0.6442307692307692	0.7564102564102564	0.5737179487179488	0.8878205128205128
0.6153846153846154	0.6239316239316239	0.829059829059829	0.5299145299145299	0.6837606837606838	0.8573170731707317	0.9414634146341463	0.9097560975609756	0.6036585365853658	0.8902439024390243	0.3557692307692308	0.842948717948718	0.5865384615384616	0.8269230769230769	0.875
0.4017094017094017	0.8717948717948718	0.6923076923076923	0.9145299145299146	0.641025641025641	0.625609756097561	0.5317073170731708	0.44999999999999996	0.6158536585365854	0.776829268292683	0.5064102564102565	0.907051282051282	0.7884615384615384	0.6506410256410255	0.875
0.6495726495726495	0.8803418803418803	0.5811965811965811	0.8547008547008548	0.5811965811965811	0.9536585365853659	0.7207317073170731	0.6304878048780488	0.7292682926829268	0.7475609756097561	0.8942307692307694	0.7980769230769231	0.6442307692307692	0.6634615384615384	0.7788461538461539
0.6923076923076923	0.923076923076923	1.0	0.5213675213675214	0.8803418803418803	0.6317073170731707	0.7719512195121951	0.8109756097560976	0.6317073170731707	0.8499999999999999	0.7788461538461539	0.6698717948717949	0.7596153846153846	0.9487179487179487	0.9326923076923077
0.7435897435897436	0.5641025641025641	0.7264957264957265	0.3589743589743589	0.5811965811965811	0.7304878048780488	0.8670731707317073	0.7707317073170732	0.46585365853658534	0.6926829268292682	0.592948717948718	0.7307692307692308	0.6282051282051282	0.6826923076923077	0.8012820512820513
0.2222222222222222	0.3333333333333333	0.7948717948717948	0.5897435897435898	0.39316239316239315	0.6780487804878049	0.8048780487804879	0.6902439024390244	0.8390243902439024	0.8	0.17307692307692307	0.875	0.8012820512820513	0.6955128205128206	0.8493589743589743
0.8888888888888887	0.9145299145299145	0.6923076923076924	0.7350427350427351	0.6495726495726495	0.8219512195121951	0.7999999999999999	0.7621951219512195	0.8475609756097561	0.8792682926829268	0.6538461538461539	0.7916666666666666	0.8846153846153846	0.8814102564102564	0.8589743589743589
0.9145299145299146	0.3418803418803419	0.4700854700854701	0.7264957264957265	0.7863247863247863	0.8024390243902438	0.6853658536585366	0.5621951219512195	0.7182926829268292	0.8780487804878049	0.4455128205128205	0.9455128205128206	0.8429487179487178	0.8717948717948718	0.7243589743589745
0.8376068376068375	0.5982905982905984	0.5384615384615384	0.8461538461538461	0.6752136752136751	0.2658536585365854	0.7548780487804878	0.6682926829268292	0.824390243902439	0.6939024390243903	0.7948717948717948	0.7115384615384616	0.7564102564102564	0.858974358974359	0.6314102564102564
0.7264957264957265	0.4786324786324786	0.717948717948718	0.7692307692307692	0.735042735042735	0.33780487804878045	0.8768292682926829	0.7426829268292683	0.8890243902439026	0.7817073170731706	0.34294871794871795	0.358974358974359	0.7724358974358974	0.7788461538461539	0.7083333333333333
0.4700854700854701	0.6239316239316239	0.7863247863247863	0.7863247863247863	0.6068376068376068	0.35975609756097565	0.7670731707317073	0.6195121951219512	0.7439024390243902	0.7060975609756097	0.6987179487179487	0.5801282051282051	0.7724358974358975	0.9326923076923077	0.6923076923076923
0.28205128205128205	0.4358974358974359	0.5213675213675213	0.7521367521367521	0.6239316239316239	0.31463414634146347	0.7426829268292683	0.7914634146341464	0.8463414634146342	0.8378048780487805	0.6121794871794872	0.8076923076923077	0.7628205128205128	0.673076923076923	0.907051282051282
0.32478632478632474	0.6837606837606838	0.7777777777777778	0.5811965811965811	0.5811965811965812	0.8	0.7060975609756097	0.7682926829268293	0.7792682926829269	0.8536585365853658	0.8942307692307693	0.7948717948717949	0.6858974358974359	0.7916666666666667	0.8365384615384616
0.5555555555555556	0.6239316239316238	0.6068376068376068	0.811965811965812	0.735042735042735	0.7390243902439024	0.9524390243902439	0.8780487804878049	0.8390243902439024	0.8878048780487805	0.8076923076923077	0.7211538461538461	0.608974358974359	0.6410256410256411	0.7884615384615384
0.33333333333333337	0.376068376068376	0.829059829059829	0.6153846153846153	0.5299145299145299	0.6585365853658537	0.2878048780487805	0.9719512195121951	0.5597560975609757	0.7682926829268293	0.7788461538461537	0.5705128205128205	0.858974358974359	0.8493589743589742	0.8878205128205128
0.3589743589743589	0.5384615384615384	0.5299145299145299	0.735042735042735	0.6239316239316239	0.7926829268292683	0.7036585365853658	0.9146341463414634	0.8841463414634146	0.7475609756097561	0.7756410256410255	0.4967948717948718	0.4935897435897436	0.7371794871794871	0.8782051282051282
0.2649572649572649	0.5641025641025641	0.8717948717948718	0.452991452991453	0.8717948717948718	0.8292682926829269	0.8158536585365853	0.39878048780487807	0.7670731707317073	0.7707317073170732	0.625	0.7467948717948718	0.4391025641025641	0.8397435897435898	0.8269230769230769
0.6324786324786325	0.4444444444444445	0.7777777777777777	0.6153846153846153	0.5811965811965811	0.5329268292682927	0.7524390243902439	0.7914634146341464	0.9170731707317074	0.9378048780487804	0.9358974358974359	0.6762820512820513	0.9487179487179487	0.8205128205128205	0.717948717948718
0.41025641025641024	0.5213675213675214	0.452991452991453	0.8205128205128205	0.37606837606837606	0.2573170731707317	0.8634146341463415	0.603658536585366	0.6731707317073171	0.6670731707317075	0.641025641025641	0.5608974358974359	0.6153846153846154	0.7916666666666667	0.7948717948717948
0.5897435897435898	0.5555555555555556	0.7094017094017093	0.5384615384615384	0.547008547008547	0.6085365853658536	0.6902439024390243	0.7	0.7060975609756098	0.9195121951219513	0.3942307692307692	0.8301282051282052	0.6217948717948717	0.6602564102564102	0.9807692307692308
0.923076923076923	0.358974358974359	0.982905982905983	0.6752136752136753	0.6666666666666667	0.8926829268292683	0.4975609756097561	0.776829268292683	0.7426829268292684	0.5634146341463415	0.8173076923076923	0.7564102564102564	0.6730769230769231	0.6185897435897436	0.8557692307692307
0.6068376068376069	0.5641025641025641	0.5042735042735043	0.29059829059829057	0.8376068376068376	0.9146341463414634	0.676829268292683	0.7780487804878049	0.9341463414634146	0.8207317073170732	0.6826923076923077	0.8397435897435898	0.782051282051282	0.8012820512820512	0.8685897435897435
0.4786324786324786	0.6923076923076924	0.8376068376068376	0.5641025641025641	0.5213675213675213	0.3024390243902439	0.5646341463414634	0.9097560975609756	0.7804878048780488	0.7853658536585366	0.9038461538461537	0.9615384615384616	0.40384615384615385	0.6538461538461539	0.717948717948718
0.6581196581196581	0.38461538461538464	0.5641025641025641	0.6324786324786325	0.6923076923076923	0.2987804878048781	0.7219512195121951	0.676829268292683	0.7658536585365854	0.7402439024390244	0.6057692307692307	0.5641025641025641	0.8685897435897436	0.7467948717948717	0.7852564102564102
0.8290598290598291	0.5470085470085471	0.7777777777777778	0.4700854700854701	0.7606837606837606	0.44999999999999996	0.8621951219512195	0.6939024390243902	0.826829268292683	0.7817073170731708	0.5865384615384615	0.5897435897435896	0.717948717948718	0.9423076923076923	0.7275641025641025
0.6324786324786325	0.5726495726495726	0.5299145299145299	0.5982905982905983	0.6752136752136753	0.5853658536585366	0.5609756097560975	0.7426829268292683	0.6231707317073171	0.8097560975609756	0.5576923076923077	0.9967948717948718	0.8012820512820513	0.7948717948717949	0.7820512820512822
0.4786324786324786	0.5384615384615384	0.23931623931623927	0.7863247863247863	0.7606837606837606	0.7317073170731707	0.6426829268292684	0.8317073170731707	0.8865853658536585	0.8121951219512195	0.5705128205128205	0.8878205128205128	0.3173076923076923	0.7788461538461539	0.7532051282051281
0.42735042735042733	0.3076923076923077	0.811965811965812	0.5811965811965811	0.8461538461538461	0.6182926829268294	0.6402439024390244	0.7365853658536585	0.6060975609756097	0.7365853658536585	0.608974358974359	0.6634615384615384	0.6121794871794872	0.6730769230769231	0.8397435897435898
0.8034188034188033	0.7521367521367521	0.6837606837606838	0.5982905982905983	0.7948717948717949	0.4878048780487805	0.7939024390243903	0.85	0.7109756097560975	0.8378048780487806	0.5737179487179487	0.6346153846153846	0.6666666666666666	0.8461538461538461	0.9423076923076923
0.6752136752136753	0.6068376068376068	0.5555555555555556	0.7008547008547008	0.5726495726495726	0.4975609756097561	0.6524390243902439	0.4878048780487805	0.8060975609756098	0.9365853658536586	0.43589743589743585	0.5064102564102564	0.5032051282051282	0.6634615384615385	0.7467948717948718
0.6239316239316239	0.7264957264957266	0.905982905982906	0.6666666666666666	0.6324786324786325	0.6378048780487805	0.7097560975609757	0.6780487804878049	0.724390243902439	0.7695121951219512	0.6698717948717949	0.6826923076923077	0.4871794871794872	0.7532051282051282	0.798076923076923
0.8376068376068376	0.5897435897435896	0.42735042735042733	0.7264957264957265	0.7094017094017093	0.39390243902439026	0.7158536585365853	0.7329268292682927	0.823170731707317	0.8109756097560976	0.3141025641025641	0.6698717948717948	0.7564102564102564	0.8557692307692306	0.8493589743589745
0.37606837606837606	0.7521367521367521	0.6837606837606837	0.8205128205128205	0.6239316239316239	0.5451219512195122	0.8890243902439025	0.7841463414634147	0.7548780487804878	0.7878048780487805	0.6282051282051282	0.6217948717948718	0.6538461538461539	0.6730769230769231	0.8237179487179488
0.7692307692307692	0.7692307692307692	0.5982905982905983	0.4957264957264957	0.8034188034188033	0.7378048780487806	0.5621951219512196	0.3939024390243903	0.7597560975609756	0.8646341463414634	0.592948717948718	0.6442307692307693	0.5961538461538463	0.8493589743589743	0.7756410256410257
0.5042735042735043	0.32478632478632474	0.5811965811965812	0.8717948717948718	0.5555555555555556	0.7707317073170732	0.526829268292683	0.4792682926829268	0.8390243902439024	0.8365853658536585	0.34935897435897434	0.6314102564102564	0.5096153846153846	0.4230769230769231	0.7852564102564101
0.6239316239316239	0.982905982905983	1.0	0.5555555555555556	0.7692307692307692	0.8073170731707316	0.7707317073170732	0.46585365853658534	0.8463414634146342	0.7048780487804878	0.7788461538461539	0.5416666666666667	0.5993589743589745	0.766025641025641	0.9455128205128206
0.41025641025641024	0.829059829059829	0.8205128205128205	0.5555555555555556	0.6153846153846154	0.624390243902439	0.775609756097561	0.9695121951219512	0.8146341463414635	0.8170731707317074	0.6955128205128205	0.6762820512820513	0.3782051282051282	0.8365384615384615	0.891025641025641
0.376068376068376	0.7692307692307692	0.7435897435897435	0.47008547008547	0.4444444444444445	0.6134146341463415	0.8670731707317073	0.6073170731707317	0.6012195121951219	0.8463414634146341	0.3173076923076923	0.7532051282051282	0.7692307692307692	0.8205128205128206	0.7756410256410257
0.8547008547008548	0.811965811965812	0.547008547008547	0.7692307692307692	0.3675213675213675	0.6378048780487805	0.8243902439024391	0.5914634146341463	0.5499999999999999	0.6756097560975609	0.6730769230769231	0.39743589743589747	0.5256410256410257	0.8557692307692307	0.8653846153846153
0.2393162393162393	0.5384615384615384	0.7094017094017094	0.6068376068376068	0.48717948717948717	0.4719512195121951	0.6060975609756097	0.6	0.7560975609756098	0.6707317073170731	0.5641025641025642	0.9647435897435898	0.7788461538461539	0.5032051282051282	0.8557692307692307
0.7863247863247863	0.6666666666666666	0.8632478632478633	0.717948717948718	0.7948717948717949	0.7036585365853659	0.6829268292682927	0.775609756097561	0.8146341463414635	0.7036585365853658	0.46153846153846156	0.7147435897435898	0.8012820512820513	0.8012820512820512	0.9102564102564102
0.7094017094017093	0.8547008547008548	0.6495726495726495	0.7435897435897436	0.6153846153846154	0.8378048780487806	0.651219512195122	0.43536585365853664	0.6951219512195121	0.7841463414634147	0.6346153846153847	0.8557692307692308	0.7948717948717949	0.8141025641025641	0.8846153846153846
0.025641025641025623	0.3504273504273504	0.8547008547008547	0.7777777777777778	0.6581196581196581	0.9231707317073171	0.8890243902439025	0.7097560975609756	0.6195121951219512	0.6121951219512195	0.3782051282051282	0.8653846153846154	0.5480769230769231	0.8237179487179487	0.9583333333333334
0.4273504273504273	0.8119658119658121	0.28205128205128205	0.2393162393162393	0.717948717948718	0.5463414634146342	0.775609756097561	0.6170731707317073	0.8304878048780487	0.8646341463414634	0.5544871794871794	0.3621794871794872	0.5961538461538461	0.7852564102564102	0.8525641025641026
0.7008547008547008	0.6324786324786325	0.658119658119658	0.7179487179487178	0.7948717948717949	0.22560975609756095	0.6451219512195122	0.8792682926829268	0.7865853658536586	0.8378048780487805	0.5032051282051282	0.7532051282051282	0.7467948717948718	0.8461538461538461	0.6314102564102565
0.07692307692307691	0.43589743589743585	0.8547008547008548	0.8034188034188035	0.547008547008547	0.8170731707317074	0.8182926829268293	0.5670731707317074	0.6207317073170732	0.7646341463414634	0.701923076923077	0.8397435897435898	0.9647435897435896	0.8076923076923077	0.9134615384615385
0.6923076923076923	0.24786324786324784	0.4871794871794871	0.9316239316239316	0.3846153846153845	0.7707317073170732	0.8060975609756098	0.5963414634146341	0.701219512195122	0.8560975609756096	0.22435897435897437	0.7916666666666666	0.8076923076923077	0.6666666666666667	0.8365384615384616
0.6324786324786325	0.8461538461538461	0.5726495726495726	0.8376068376068376	0.6068376068376068	0.7634146341463415	0.7792682926829269	0.7012195121951219	0.8573170731707317	0.776829268292683	0.4198717948717948	0.6346153846153846	0.8653846153846154	0.5576923076923077	0.7211538461538461
0.8547008547008547	0.7692307692307692	0.40170940170940167	0.6239316239316239	0.5982905982905983	0.5451219512195121	0.48292682926829267	0.8536585365853658	0.7475609756097561	0.7597560975609756	0.5416666666666667	0.6025641025641026	0.7211538461538461	0.9711538461538461	0.9326923076923077
0.5042735042735043	0.7777777777777777	0.5641025641025641	0.811965811965812	0.6324786324786325	0.6329268292682927	0.6378048780487806	0.41463414634146345	0.8682926829268293	0.6585365853658537	0.9455128205128205	0.8557692307692307	0.3237179487179487	0.8878205128205128	0.7532051282051282
0.6153846153846154	0.5897435897435896	0.5555555555555556	0.6923076923076923	0.5641025641025641	0.552439024390244	0.5804878048780489	0.5695121951219513	0.9414634146341463	0.8341463414634147	0.3525641025641026	0.826923076923077	0.7852564102564102	0.7628205128205128	0.8173076923076923
0.33333333333333337	0.8632478632478632	0.5128205128205128	0.8376068376068376	0.3418803418803419	0.5768292682926829	0.3560975609756098	0.7304878048780488	0.8329268292682928	0.8621951219512195	0.7243589743589743	0.6858974358974359	0.7243589743589743	0.9038461538461539	0.8942307692307693
0.41025641025641024	0.982905982905983	0.4615384615384615	0.9230769230769231	0.7094017094017093	0.675609756097561	0.748780487804878	0.8060975609756098	0.646341463414634	0.9024390243902439	0.6923076923076923	0.7884615384615384	0.532051282051282	0.9294871794871794	0.8846153846153846
