cohort	gene	pattern	dn	living_donor	max_other_disease	grp_DN	grp_living_donor	grp_ANCA Associated Vasculitis	grp_Focal Segmental Glomerular Sclerosis	grp_Hypertensive Nephropathy	grp_IgA Nephropathy	grp_Membranous Glomerulonephropathy	grp_Minimal Change Disease	grp_Systemic Lupus Erythematosus	grp_ANCA-associated vasculitis	grp_Focal segmental glomerulosclerosis	grp_Hypertensive nephropathy	grp_IgA nephropathy	grp_Membranous glomerulonephropathy	grp_Minimal change disease	grp_Systemic lupus erythematosus
GSE104948	CCDC91	A unique-to-DN /donor-driven	-1.025227094280795	1.1851445623906447	0.2963499684412149	-1.025227094280795	1.1851445623906447	-0.2963499684412149	0.006179443789570126	0.0018744372944571467	-0.14523190921634407	0.09828557161006794	0.2223788597819745	-0.25038333242383043							
GSE104948	MS4A6A	C shared	0.847892679288981	-0.9621562264022001	0.8255720901636402	0.847892679288981	-0.9621562264022001	0.8255720901636402	-0.22524766004875263	-0.16725140942125316	0.16011709333455781	-0.7497046524244465	-0.5684982697497465	0.7882856746100882							
GSE104948	C1orf21	B DN-dominant /donor-driven	-1.038974516448284	1.0709861111534227	0.3682922640099642	-1.038974516448284	1.0709861111534227	-0.07843484444214427	0.029308708743925858	0.14002007503933336	-0.04077047015126455	0.17347408639215872	-0.08695015591689444	-0.3682922640099642							
GSE104948	TPD52	C shared /donor-driven	-0.6119333815600813	1.028446838061027	0.5044663999374387	-0.6119333815600813	1.028446838061027	-0.41943626632705033	-0.15482343969183088	-0.015482223652748362	-0.21264746022357559	0.5044663999374387	0.19235791621265383	-0.2947691569086992							
GSE104948	DPP6	A unique-to-DN	-0.8532136835521104	0.786811119104462	0.22301844533227475	-0.8532136835521104	0.786811119104462	-0.09365160816426167	0.16154311352514086	0.008155608634926821	-0.18840523739871542	0.04378539576587862	0.19341039526609416	-0.22301844533227475							
GSE104948	CFD	C shared /donor-driven	0.8120601177395587	-1.1259235968907224	0.5995672488325288	0.8120601177395587	-1.1259235968907224	0.5995672488325288	-0.02342579284195867	0.015931281108522398	0.14970357460211312	-0.4690458517728523	-0.502060120158511	0.5283476389017248							
GSE104948	FMOD	A unique-to-DN	1.5156364781186655	-0.3748037677014584	0.29546046782736723	1.5156364781186655	-0.3748037677014584	-0.0934833391601659	0.1596380752378515	-0.07648326465111414	-0.03702224302136306	-0.20790772337742322	-0.29546046782736723	-0.004718677075815317							
GSE104948	PCOLCE	C shared	1.1096889585382153	-0.7132259503035657	0.6248717445230278	1.1096889585382153	-0.7132259503035657	0.3318908523045557	-0.060613441541142885	0.13968779136495915	0.042893451108530815	-0.6248717445230278	-0.3952121914768258	0.439878396606402							
GSE104948	CALHM2	C shared /donor-driven	0.7518430568912645	-1.6618554575963012	0.6897443454152585	0.7518430568912645	-1.6618554575963012	0.6897443454152585	0.2088987796581581	-0.07932664473256171	0.24400977538689295	-0.3295203539965759	-0.14554008131176335	0.47485405769562294							
GSE104948	CD247	B DN-dominant /donor-driven	0.7382943679326798	-1.0700160373775136	0.3379325289288978	0.7382943679326798	-1.0700160373775136	0.3379325289288978	0.2801969842486871	0.06791448635020852	0.16085762456784583	-0.19151005953044611	-0.18050619094786283	0.12933555444291772							
GSE104948	SVEP1	C shared	0.36467722286090215	0.2889987655215342	0.35360109019181346	0.36467722286090215	0.2889987655215342	-0.35360109019181346	-0.05790566376125176	0.02049902128210944	0.052647010117698526	-0.2718307998998467	-0.16388874777846216	0.06656297623275748							
GSE104948	TNNT2	A unique-to-DN	-0.9652705862093969	0.7100269500949312	0.2790236345262448	-0.9652705862093969	0.7100269500949312	-0.14422792415548066	0.12658624464344395	0.2790236345262448	-0.12612461528255692	-0.027617979603318615	0.17782994310442787	-0.18734481155581023							
GSE104948	FOLR2	C shared	1.0957507685509482	-0.5941367090963514	0.6657088450979874	1.0957507685509482	-0.5941367090963514	0.4231495119334224	-0.14276899775962124	-0.008469478030050107	0.015218604857154329	-0.6657088450979874	-0.44183315505646725	0.5414682678093288							
GSE104948	MOXD1	A unique-to-DN	1.1447959844970599	-0.5240952050164903	0.3352597222806123	1.1447959844970599	-0.5240952050164903	0.2673980983791948	0.1930061544498464	-0.05473761374288746	0.05416631730708791	-0.3352597222806123	-0.2940194853164813	0.19449800869053216							
GSE104948	IGFBP6	C shared	1.002348554617355	-0.9040589659818201	0.5765263402067657	1.002348554617355	-0.9040589659818201	0.5765263402067657	0.04272026877046406	-0.03660283593779415	0.09522233176885966	-0.3748039396578265	-0.3095169262532419	0.32783192181370535							
GSE104948	PRSS23	B DN-dominant	0.8303172352009519	-0.76930407978622	0.37952209853314506	0.8303172352009519	-0.76930407978622	0.37952209853314506	0.05278994362256202	-0.1895296705668793	0.10738464543849327	0.34230452711029524	-0.0865243648053065	0.011895448992250382							
GSE104948	COL1A2	C shared /donor-driven	0.8725072193804332	-1.1203282629252886	0.6070000913474355	0.8725072193804332	-1.1203282629252886	0.6070000913474355	0.08645649839935966	-0.15711119499562465	0.15108409174803186	-0.14585106185773983	-0.22380386455941417	0.352279001358807							
GSE104948	MMP2	A unique-to-DN	1.2369662908475259	-0.8324347233068059	0.3118997681665192	1.2369662908475259	-0.8324347233068059	0.16005644939710517	0.11231110685841128	-0.22739834680329826	0.08325515137092329	-0.24664123864142987	-0.18131374206590292	0.3118997681665192							
GSE104948	CA10	B DN-dominant	-1.2084713945248775	0.611772730908978	0.4037397842208655	-1.2084713945248775	0.611772730908978	-0.18777276020943115	0.31186746739143056	-0.04595629592001241	-0.18867385378064083	0.3631604327231935	0.4037397842208655	-0.343463803995251							
GSE104948	RARRES1	C shared	0.9024675031413333	-0.7016090749654823	0.9441789785376784	0.9024675031413333	-0.7016090749654823	0.9441789785376784	-0.15970369587160085	-0.13768583868047835	0.03628763739680444	-0.3854100929390318	-0.4031494343152195	0.20403908961582784							
GSE104948	HDAC9	C shared	0.8182411466468298	-0.994382937801456	0.8276501046729734	0.8182411466468298	-0.994382937801456	-0.2749718891701793	0.025639667830076825	-0.19149551461960623	0.1571632032244447	0.8276501046729734	0.010274409908191158	-0.028359664464791417							
GSE104948	S100A4	C shared /donor-driven	0.861402526349151	-1.0957102997638803	0.5457447893083198	0.861402526349151	-1.0957102997638803	0.5457447893083198	0.10252094042870923	0.055401215106844405	0.13899073750789573	0.2459802238988983	-0.16934649033998758	-0.06872446257301415							
GSE104948	LUM	B DN-dominant	0.9436698690813375	-0.15491047347184428	0.42488500980695837	0.9436698690813375	-0.15491047347184428	0.23683350020105162	0.1937588158490738	-0.028290571720629504	-0.023273672579207497	-0.42488500980695837	-0.26066292974323985	0.1520444798489183							
GSE104948	KBTBD11	B DN-dominant	-0.9016656767788808	0.8463149476339282	0.36314248316086395	-0.9016656767788808	0.8463149476339282	-0.36314248316086395	0.21568327919202945	0.06105818018211688	-0.1146571156671226	0.09657250813551206	0.3529778817427786	-0.32622901015683403							
GSE104948	DYRK2	C shared /donor-driven	0.8927768323055614	-1.1705731160527795	0.5426418816183364	0.8927768323055614	-1.1705731160527795	0.5426418816183364	0.18268582662288602	-0.12793338079010094	0.040693909155756026	-0.2134423319843862	-0.16561836432161645	0.322861585844239							
GSE104948	OLFML3	B DN-dominant	0.9956656242317234	-0.15526479990463452	0.541515240818642	0.9956656242317234	-0.15526479990463452	-0.06258766978407353	-0.02878592320709384	0.0037186052880734473	0.0005996551801191206	-0.541515240818642	-0.06382722997939384	0.2980873935908759							
GSE104948	MSC	C shared	0.605285220456011	-0.8693473835400958	0.7284212365116202	0.605285220456011	-0.8693473835400958	0.7284212365116202	0.034322696918111746	0.01689648064556729	0.1475585148337203	-0.25301973562843927	-0.06838132148550448	0.008736586417123465							
GSE104948	CD48	C shared /donor-driven	0.5764591650594363	-1.4923144511282769	0.6853504962799156	0.5764591650594363	-1.4923144511282769	0.6853504962799156	0.13633128087813245	-0.06307414933650243	0.2549784194337906	-0.4332939012704968	-0.5428586219411401	0.6387453302754382							
GSE104948	PPIC	B DN-dominant /donor-driven	0.9647085209490688	-1.2684654423213777	0.4517748100507234	0.9647085209490688	-1.2684654423213777	0.24200674449699075	0.26020456304381284	-0.1607318231437434	0.10002384207894745	0.4517748100507234	-0.10187213183410547	0.148725505706092							
GSE104948	FBN1	B DN-dominant /donor-driven	0.8033037988265462	-0.9785515357482534	0.4086851298692894	0.8033037988265462	-0.9785515357482534	0.4086851298692894	0.25155115541748413	-0.20774485951350885	0.16645830993773755	-0.3511269212473036	-0.1250800551422389	0.39734986065337086							
GSE104954	CCDC91	C shared	0.026129649727516118	-0.30481758630153477	0.5655467311802835	0.026129649727516118	-0.30481758630153477								0.5655467311802835	-0.04219409140440592	-0.055321699672368795	-0.012159650825689993	-0.2527128839640888	-0.4843239722640382	0.2686629842345876
GSE104954	MS4A6A	C shared	0.6543178931410796	-0.7212718251846498	0.7273328286330104	0.6543178931410796	-0.7212718251846498								0.7273328286330104	-0.1424851673650722	-0.06170082659119469	0.07588206699552966	-0.4569052781539913	-0.5697369809192038	0.36798119919694494
GSE104954	C1orf21	C shared /donor-driven	-0.431602258032304	1.1291928587899114	0.46205689748265044	-0.431602258032304	1.1291928587899114								-0.46205689748265044	-0.41001193433806604	0.009380778621639278	-0.08368884356129706	0.3396017345000871	0.07917027071447649	-0.1628582080224584
GSE104954	TPD52	B DN-dominant	-0.5137185629611706	0.17158388401682345	0.21961926597326098	-0.5137185629611706	0.17158388401682345								0.016513380152654064	-0.21961926597326098	-0.022789931372676896	0.031199054629293965	-0.0688618889027602	-0.1624008307057609	0.09499008147968695
GSE104954	DPP6	C shared /donor-driven	-0.39002620893635037	1.2764809923804354	0.510220139141292	-0.39002620893635037	1.2764809923804354								-0.510220139141292	-0.39875036892298266	0.02753894075965597	-0.12172350614283588	-0.11113303203362052	-0.2598125674144194	0.1186977891229276
GSE104954	CFD	C shared	0.6539249723835335	-0.7139933471787004	0.5325320109910802	0.6539249723835335	-0.7139933471787004								0.5325320109910802	-0.10894486906374265	-0.02121864181683441	0.042438746096177996	-0.06345469340107888	-0.45548392396784715	0.16437180563370188
GSE104954	FMOD	B DN-dominant	0.7646311781718684	0.3080681382711449	0.36700418719939615	0.7646311781718684	0.3080681382711449								-0.24093297105121275	-0.02541401293180024	0.012699860448417592	-0.024656716670172097	-0.10692753024297386	-0.36700418719939615	-0.2159360676363126
GSE104954	PCOLCE	C shared	0.21331332390197957	-0.13553049216315036	0.48379676383189085	0.21331332390197957	-0.13553049216315036								0.27238054273254736	0.09962311741318058	-0.03885594844320258	0.007030879298546717	-0.18646307855300634	-0.48379676383189085	0.22574334291380155
GSE104954	CALHM2	C shared	0.5159537632554448	-0.688148238491678	0.6532781305143436	0.5159537632554448	-0.688148238491678								0.6532781305143436	0.14625069111232034	-0.033067233449146846	0.011669330971422087	-0.07017480035777206	-0.531706415351356	0.06247320713761208
GSE104954	CD247	C shared	0.5591646554238938	-0.5083949901218404	0.5918348612616384	0.5591646554238938	-0.5083949901218404								0.45819152407552544	0.10990966667977105	-0.027511512094050262	0.03893937842567542	-0.056687645162020274	-0.5918348612616384	0.05277875961105772
GSE104954	SVEP1	C shared	0.5748953150166016	0.34429745606967926	0.404109655219253	0.5748953150166016	0.34429745606967926								-0.3830003569842536	-0.1955410174283546	0.02822629527834995	-0.08874480064252051	-0.3853096494623593	-0.404109655219253	0.2444058817334634
GSE104954	TNNT2	C shared /donor-driven	-0.6206090766481347	1.4087619908180347	0.5589890585382319	-0.6206090766481347	1.4087619908180347								-0.5589890585382319	-0.428829535171174	0.08817748210865231	-0.18070361161968798	-0.36491029292731	0.18112319838931973	0.23398565922203482
GSE104954	FOLR2	C shared	0.5795330960743195	-0.40749915214765614	0.5212064307430667	0.5795330960743195	-0.40749915214765614								0.5212064307430667	-0.015033109932008407	0.005214847286330376	-0.025477788799870723	-0.3135630521755056	-0.4545743506890203	0.16313233985924205
GSE104954	MOXD1	C shared	0.7621852846790089	-0.6903108841911569	0.6561467573571692	0.7621852846790089	-0.6903108841911569								0.32953507733773496	0.22129651270188114	-0.04863352371134326	0.07416413066710571	-0.22676803781982194	-0.6561467573571692	0.19659843472917993
GSE104954	IGFBP6	C shared	0.5135103265855897	-0.324537118942362	0.5653118649283351	0.5135103265855897	-0.324537118942362								0.42283969614463696	0.03217407254408769	-0.03220973622350915	0.055456795231414446	-0.340267661338883	-0.5653118649283351	0.24351524869534935
GSE104954	PRSS23	C shared	0.24620705522794228	-0.008782782406823429	0.5019981136049405	0.24620705522794228	-0.008782782406823429								0.048405257293307274	0.0826760059113377	0.001838532994987152	-0.030880255349877875	-0.5019981136049405	-0.3641696154114962	0.34092803835738866
GSE104954	COL1A2	C shared	0.6079938333616717	-0.7003446319772217	0.519680044334068	0.6079938333616717	-0.7003446319772217								0.519680044334068	0.21846171804623285	-0.06348126773666193	0.06143306799635696	-0.18075876950182201	-0.3129690633633571	0.18925031512094995
GSE104954	MMP2	A unique-to-DN	0.7788407373914938	-0.30738366865842764	0.2168442462853539	0.7788407373914938	-0.30738366865842764								0.19788688615166772	0.20380803123310187	-0.023996610548253413	-0.024219513824763547	-0.14091104553856992	-0.2168442462853539	0.08630247957947101
GSE104954	CA10	C shared /donor-driven	-0.2971772017393888	1.31200336556789	0.5817530219869093	-0.2971772017393888	1.31200336556789								-0.5817530219869093	-0.029670143769403714	0.05284332764216171	-0.10611293970978367	-0.4006377462537888	0.050919584120529285	-0.08525009693200807
GSE104954	RARRES1	C shared	0.5783823267409017	-0.8062182642039735	0.9830879888958312	0.5783823267409017	-0.8062182642039735								0.9830879888958312	-0.04166136002739581	-0.0305773325929581	0.08074178775933408	-0.3408420410859871	-0.3765947723212246	0.1402108552381551
GSE104954	HDAC9	A unique-to-DN	0.6275382045154098	-0.4910600832924255	0.20648928781442447	0.6275382045154098	-0.4910600832924255								0.20648928781442447	-0.04921798663110186	0.03491365790013233	-0.05906595568616936	-0.15183937455300286	-0.1500782261394395	0.17344223718899698
GSE104954	S100A4	C shared	0.46419567140738643	-0.6774269389511157	0.5425486709950675	0.46419567140738643	-0.6774269389511157								0.5425486709950675	0.15518208029472755	-0.047973441455889235	0.034012047588512236	-0.2992258743133549	-0.5076429217894202	0.24066372427520508
GSE104954	LUM	C shared	0.8755219663107942	-0.6230591778424599	0.6360578349709537	0.8755219663107942	-0.6230591778424599								0.33914845727446086	0.19546400905550051	-0.08562253458135298	0.06852431258658957	-0.26584494710180767	-0.6360578349709537	0.31394052489072255
GSE104954	KBTBD11	C shared /donor-driven	-0.5368801236641814	0.9632269511038901	0.31741753627278557	-0.5368801236641814	0.9632269511038901								-0.016851973057634147	-0.06947928802484922	-0.025865413311749262	0.05491750562200834	-0.31741753627278557	-0.22370395179095232	-0.04315767011653308
GSE104954	DYRK2	C shared /donor-driven	0.577242643107942	-1.1779559862748055	0.7580292909887764	0.577242643107942	-1.1779559862748055								0.7580292909887764	0.5934939150532108	-0.05814833899026082	-0.014334086829965922	-0.2638733537932309	-0.22539715406054756	0.14644924389870523
GSE104954	OLFML3	C shared	0.10092369911360624	0.7561225944615522	0.7109858045567462	0.10092369911360624	0.7561225944615522								-0.7109858045567462	-0.09131342218492389	-0.01880681411302577	-0.10801202996526207	-0.25817660838493084	-0.09425173557638554	0.3831147662473966
GSE104954	MSC	C shared	0.6092544356314403	-0.6220214425669484	0.4545402114989377	0.6092544356314403	-0.6220214425669484								0.3765734398056351	0.12052095349846298	0.028340181778814887	0.0896039833172411	0.4545402114989377	-0.15465794814936504	-0.2940015381674912
GSE104954	CD48	C shared	0.7054092336114904	-0.7400853854805369	0.6489113106797586	0.7054092336114904	-0.7400853854805369								0.5674203285962671	0.045898588156185166	-0.04690804032694863	0.06950848080673394	-0.32755798385327006	-0.6489113106797586	0.24127242610055588
GSE104954	PPIC	C shared	0.4314237267475004	-0.839010087199003	0.6804445486507524	0.4314237267475004	-0.839010087199003								0.6804445486507524	0.1946830638375607	-0.08646002279207568	0.16073137742559074	-0.18479223645808962	-0.31875071542633054	0.17368185813282058
GSE104954	FBN1	C shared	0.5574079612183693	-0.7821066153663074	0.5683384859331484	0.5574079612183693	-0.7821066153663074								0.5683384859331484	0.0952756060622244	-0.05553525323556481	0.07813347531172082	-0.07509870625330131	-0.21599147144887101	0.22331923301177328
