perm_count	perm_max_abs_g	indep_perm_count	indep_perm_max_abs_g
174	0.785629009451756	196	0.7704828228029055
292	0.8746985951408996	22	0.629240051315674
256	0.8543321283716704	74	0.7696886366928678
143	0.8874745152757679	83	0.7208646845842667
212	0.943724471543949	345	1.0566386134501662
71	0.8383033300017069	52	0.6838310792895504
71	0.6796984481524415	93	0.7882188150057805
185	0.808073702614428	148	0.7769759940459641
107	0.7119266537348569	117	0.7605081568365425
185	0.9743010087703149	94	0.7491661659121751
122	0.9246993450503604	133	0.7741803809169108
252	0.7946625754564948	61	0.8656551931061931
246	0.8553981233280805	62	0.7175148674410727
84	0.7749868840045722	59	0.6722404633042022
44	0.6315721826661453	39	0.6672970376339494
54	0.689065625947212	153	0.8688851968841831
1256	1.259877993282059	347	0.8258670392966668
103	0.7465073362658243	92	0.7333101167681024
112	0.8518404719773696	57	0.7600369541991019
232	0.7830421619866071	62	0.7057624145760506
314	0.8954619507149046	155	0.8866710515121636
119	0.783681328014837	92	0.8376882588164873
79	0.7941424158817804	47	0.7823467423778772
267	0.9227273769805684	118	0.7439654227310251
288	0.9855944386524491	49	0.6683970814691639
112	0.7735208519232812	91	0.8129035576233449
75	0.7019908956007681	61	0.762499535919825
46	0.7805049741226269	44	0.6172316903512727
295	0.7959163373154636	177	0.7796818111522958
38	0.690595833746162	102	0.724689840662247
88	0.6807958630493842	30	0.745165754039533
75	0.7265324819756065	385	0.8514219651160515
75	0.6953621800056987	97	0.7625614051861098
69	0.7116311102076707	373	0.8735302032238159
130	0.8087818850536339	80	0.7280825766251064
125	0.7807836523009846	185	0.9283596979653522
36	0.7222600184285515	165	0.7804398109706414
66	0.7718808977249957	149	0.7755193207198998
238	0.8928524746131992	82	0.7872541051148396
34	0.6596522418406945	48	0.7258377014670105
256	0.9242233266514019	49	0.7030082334776412
140	0.8853462395867211	33	0.7252019273909835
49	0.6538206561879079	121	0.739650264830365
206	0.8766516835771375	27	0.6881905998344326
154	0.7907851657565136	21	0.6093338000982511
945	1.0154402044827184	103	0.7340774625869422
50	0.7393857402578365	240	0.8937057809083426
36	0.7432247958014283	582	0.8667295016820189
107	0.7546561809512025	341	0.8885936017625968
174	0.7941764806968432	70	0.6776904019261721
96	0.7260564326578406	67	0.6880175642603379
119	0.712360110800089	79	0.7550148868852435
278	0.9394760677347624	101	0.7510466764428727
122	0.7946753201489447	71	0.8355060561187186
273	0.8519713071704962	110	0.8482540261014153
192	0.7392891404696671	406	0.8674941090024314
40	0.6209641510844333	210	0.7738083359495345
43	0.6727066482986507	155	0.9494854015019732
46	0.7578193052512168	57	0.6942749433851323
72	0.6835909957413513	102	0.7506398239660761
76	0.9762333758642923	523	0.8597889519756975
67	0.7368268265579873	63	0.7500836836493928
226	0.8109254031795525	148	0.9113792548623476
39	0.6341784758933955	29	0.7237030583285486
112	0.9279436865648298	134	0.7292416746314196
29	0.6100049456549215	36	0.7812979012512088
234	0.7777587882017414	51	0.7185253964622147
170	0.760500537635493	96	0.7323322965085413
149	0.821195308877796	98	0.7953350904910615
109	0.913438830657082	35	0.7287431779520338
72	0.8409471888881662	90	0.7399887199448102
73	0.7633497741224371	37	0.712906018119773
48	0.6917305833901516	59	0.7803940637309357
300	0.8007002836562838	58	0.7114467408544385
21	0.6409760538985209	77	0.9132519652195397
387	0.9243568161458686	155	0.827408416976278
207	0.856441482080999	20	0.6487535293892481
40	0.7087173946152636	131	0.7288256081300806
63	0.6759364040532713	118	0.7455539822850876
446	0.8733210897193933	127	0.7494865974728141
232	0.7503578322817877	47	0.7156474085059801
82	0.7678223283077188	195	0.8152900218126087
51	0.7316387544882124	74	0.7035072168512053
189	0.872775012151636	49	0.6965990120783002
33	0.7097661375535114	66	0.7868572537941902
43	0.6561350863318696	360	0.8038492174347251
239	0.8260703126765621	39	0.601327471969203
674	0.9901925965520677	117	0.832127915655678
134	0.7934615336171256	214	0.7628072886352528
268	0.8386304784530471	158	0.7837231734475083
76	0.9866567376837764	125	0.9810222143841587
57	0.7156319856294715	172	0.7740440751927703
113	0.7112306474896407	60	0.6291112273995809
53	0.6632676970030831	118	0.7400491441499017
72	0.7145032501409221	20	0.6689610794514764
59	0.7197332938831318	139	0.7497548533191307
434	0.8452075734534833	150	0.7805517336691181
158	0.6933780400540814	49	0.6608355387347108
54	0.7540489149982463	87	0.706624155910199
108	0.8616320322890428	56	0.7345411947354941
65	0.7374044712415091	467	0.9138015283510433
166	0.7524200520802511	204	0.7948664705286014
100	0.7614101049199409	59	0.7439613492471618
111	0.7757334221120791	74	0.767627074254039
158	0.78568572363482	32	0.7681852688244556
94	0.7005426539699904	57	0.6808113390780224
128	0.8291238867667492	113	0.8991635446714299
107	0.7706888601956567	45	0.6428266728221546
76	0.7674175015976108	73	0.7364128958554917
86	0.6758216575048319	128	0.897191022182634
108	0.8301539719951663	102	0.7366429077344768
55	0.7542735822713111	60	0.7288719037206609
187	0.8948523975528523	52	0.6765154210995439
25	0.6970619090491619	75	0.7716480168120496
32	0.7487200474131438	31	0.6824198437161868
104	0.7013251407456905	189	0.8252197147685177
88	0.732850553950654	42	0.6665304907073873
145	0.8645276694477336	148	0.7870535163220521
97	0.7818199826276397	158	0.7033225425540856
93	0.7517285594829137	195	0.7695290532104111
77	0.7557356839465887	20	0.618333875792674
14	0.6329907665346654	84	0.8129108918800003
250	0.905700524588826	49	0.743163918005698
135	0.9169431970257523	64	0.6669056784184995
111	0.8038500951391795	87	0.8738390370213502
39	0.6475806144278302	55	0.698977711656628
63	0.8084740149597515	255	0.8192882141339648
216	0.7827565319542353	89	0.8485451875340443
255	0.8689302144538704	36	0.7325230893535428
90	0.6858374565243837	108	0.706474132812254
86	0.7093480722712193	146	0.7303123563785359
214	0.8581929784008027	69	0.768004920369604
90	0.7675269377974262	254	0.997910408431782
60	0.7294303719455837	40	0.7636566187122407
23	0.6596059606724913	70	0.7009141694463131
59	0.6905806187628338	17	0.6047134374637775
225	0.8809914902213266	40	0.6618230634592948
186	0.9444575140058049	69	0.7404900873077701
36	0.6878480806963734	72	0.7535571292974668
65	0.7693861648096033	26	0.6364765841126976
166	1.0687298992869274	71	0.8573109679240025
50	0.7210749394990252	354	0.9640023923855017
52	0.8445690537575313	165	0.7507021647553392
503	0.9023936300749924	108	0.7828603195408312
480	1.170634710706293	77	0.7203940355548859
120	0.8043575084687202	52	0.7562357242636313
75	0.6928868390001103	467	0.9227515911473436
116	0.8409676003130451	70	0.8434693709306617
92	0.6876386286519675	35	0.6454050352969609
110	0.7400257750752572	310	0.9363305061487404
91	0.7950068889591939	75	0.7120135994055241
44	0.7130267058099626	104	0.8118210897214438
513	0.8273574820464407	105	0.8441516838297385
100	0.7471646569104723	24	0.7450858808973485
68	0.8152967385550649	37	0.6608618063911296
99	0.7104838307972238	136	0.7248107188886308
198	0.8039032504104144	22	0.6907660023201766
121	0.7753174921565713	255	0.862972242543727
57	0.9520763746142922	228	0.7534448076743993
152	0.8361672631731183	29	0.6006775508045459
34	0.7490949326965162	48	0.8989298086314357
65	0.699822663363834	145	0.8051975361474084
86	0.7691768691710835	75	0.695077758326321
17	0.7583009323050732	158	0.7610047681581469
70	0.7020204120174973	79	0.725221572447889
139	0.7576185643125659	168	0.8967489310393786
85	0.7137556606825451	69	0.7460546308909864
273	1.0507208336692553	139	0.8330665642071073
50	0.9276538550688662	44	0.724075658244469
63	0.6667081361490659	46	0.6075810245920901
79	0.8719309637445608	203	0.8357841276865101
54	0.8454024460759704	163	0.7449832520824139
103	0.752661800812774	45	0.6471498831330151
115	0.7852878592218476	152	0.7718974115674574
62	0.6956888186966306	170	0.8710744484001387
88	0.716974360690269	23	0.6513049722121713
226	0.7634612553355566	62	0.753082217024241
96	0.7970563398465997	98	0.7324102446385603
36	0.6178103148661791	21	0.6537899741453306
72	0.7304325609112026	159	0.7843773854801027
82	0.7704545677551073	73	0.7334494938062439
295	0.8474331249593179	164	0.764800836922942
152	0.7848278582881618	54	0.7087156405869454
95	0.7368592557162577	197	0.7471167150120266
140	0.8652768722817952	162	0.8413741506999464
366	0.8792979231970045	209	0.8878325372528842
70	0.7849323221557698	132	0.8269924551165768
79	0.7221300016420301	89	0.6702699207345079
28	0.7126511910278858	147	0.8121254731947056
105	0.7868457163890654	29	0.6816323633673997
351	0.8890905453881548	52	0.7011364195457215
85	0.8257352112733225	98	0.8618962313753552
64	0.7614254200600086	123	0.6949304324349288
203	0.831169645412262	56	0.7789879584332406
74	0.6948713787329158	195	0.9157045534917518
307	0.795855070024988	99	0.8469887965539009
96	0.8846219261723164	187	0.8359339331015638
151	0.8134319687481515	62	0.7144085175730019
91	0.7356171231695067	101	0.7771656431497426
165	0.8214214596957079	64	0.6880433286760452
111	0.729037498022414	168	0.8227493517293282
32	0.7159296979100228	44	0.7344858016859415
112	0.8230205183188954	108	0.8224411838403529
366	0.9392278709747297	400	1.0799617483678703
106	0.8152438150158614	37	0.693555112284177
140	0.8145325468691633	117	0.7138544020973644
80	0.7708448625424646	101	0.7257865748171466
96	0.8047917879063797	50	0.7634040956507242
419	0.9804575456052329	56	0.7338293099868938
585	0.8775991734535821	35	0.7996144900045732
206	0.7922440151121577	63	0.7574016681992222
44	0.7205828496821548	144	0.8699081511153507
347	0.8517789006946479	77	0.7038548694987276
230	0.8008503719553688	105	0.7713215001198632
98	0.788036957389255	34	0.7708939752068942
147	0.8498733769788408	89	0.6865642731967507
221	0.8370015429430282	259	0.8319760276271086
156	0.7753312574274248	192	0.8823119882927134
766	0.9984003385238898	192	0.7866431256522572
317	0.8348323978630144	89	0.7181346089254961
40	0.7393472920045585	102	0.7972037490929733
44	0.7808098474946066	210	0.8590311403512262
79	0.7637043800461654	150	0.7423347026606733
101	0.783246937692962	74	0.8225271151336996
51	0.8057856143436652	113	0.7932479668877096
120	0.7457703642095665	34	0.6893321240977113
65	0.7703873898947788	23	0.6231573420234684
63	0.7805108822523958	80	0.7364767088611524
167	0.7217022554428135	97	0.7452995028528122
175	0.9634440097957215	119	0.7025500503476446
67	0.7459272948265236	140	0.7308222571856904
37	0.78013190056162	52	0.7711679646956882
135	0.8101950135501726	73	0.7760857943019828
150	0.9862872088894291	123	0.9183671086738789
39	0.7471612464521689	48	0.7379736386365534
83	0.730354061138728	69	0.7132152070269384
40	0.6653001894813786	129	0.816725347325166
619	0.8919758470853729	78	0.6925209925672147
40	0.7054867984394995	172	0.8237007293289098
182	0.8120851444955723	76	0.77776823619074
122	0.7599297799335248	19	0.5954272784776321
264	0.8174664124738779	109	0.7547255798042637
43	0.7557563354748997	40	0.7301137494093868
48	0.7236227605380772	103	0.7051061524484019
52	0.7474547529138793	189	0.8508796637261964
72	0.6682645343184065	97	0.7618884916680342
33	0.7829348718816317	112	0.8288196506815945
64	0.7776984959592315	341	0.8458439899927632
61	0.6641374053870542	53	0.7770306017574141
135	0.7907628083052662	139	0.7488154066702537
40	0.6644413814514043	26	0.7047324270856775
342	0.8559722295570407	74	0.7871009162945872
365	1.0009296990835717	22	0.6677294297002748
128	0.748828023505415	47	0.7505955861081705
17	0.6813576507550694	17	0.7319602754683735
51	0.7876320650251982	100	0.8245560118849278
36	0.6609821132164283	48	0.6851046096634907
41	0.7427636632793782	39	0.6283944655846494
137	0.8478429415338831	51	0.6855909758802259
170	0.7624814957535051	37	0.7040992487131348
211	0.798981938865518	105	0.8085195101617177
41	0.6502507055813527	91	0.7291083735396227
378	0.883895181461627	155	1.0020140171488232
246	0.8506052005630673	113	0.7832972906697723
49	0.7081510545279455	50	0.6764394424740622
160	0.8064096337905813	69	0.7038204898686198
92	0.8110656935919127	62	0.6549452942865966
321	0.8889979272989419	43	0.7690831928688571
44	0.6572778241610349	75	0.7847133067201431
61	0.6936027339416444	147	0.7233277966528893
100	0.8413395522800573	249	0.7862259438484234
41	0.7916713417542929	58	0.7933663643454576
163	0.7540623789731582	520	0.9220541132595581
96	0.7563805239074572	50	0.7909845945110932
208	0.9015004910247074	96	0.7912653292184431
26	0.6174685719799442	105	0.8385614497892409
54	0.7192938652819085	168	0.7604389052632747
429	0.8296404870530338	79	0.8362012479624064
98	0.7224821265864627	42	0.6383052992768814
36	0.6569785626638868	98	0.8480309957189288
38	0.7439776790855979	82	0.7665048472551932
156	0.8650593817019596	102	0.8076643420635151
85	0.7010740736329981	43	0.7660707872166215
86	0.7755062876090577	32	0.6464120601917195
50	0.7102357782432915	21	0.6840847258759417
474	1.1120960844890466	101	0.7833445577831896
52	0.6803559261706392	17	0.5979132240855703
308	0.8625769614262201	47	0.7633495146618176
69	0.7915865449451812	70	0.7685939842673855
135	0.7195718944862546	25	0.8103287473757018
51	0.7377512464394048	21	0.6960553392755637
44	0.6552960283095086	80	0.7120668342694658
77	0.8299182210431477	73	0.6697855602459855
47	0.6605408592436981	132	0.768730610068507
134	0.7665360314906573	47	0.7216381601881657
164	0.7925120835706303	35	0.654618256680848
124	0.7260787813569433	187	0.8008125153569395
46	0.69056612561658	29	0.7637629440271672
42	1.003371644694595	43	0.838049174335303
50	0.7139295641533914	120	0.7510467962257281
35	0.6448383035082546	83	0.7015504053509352
20	0.6152009224455437	346	0.8908610375386601
75	0.7353352073647423	68	0.7311744690678639
79	0.7686608496189736	30	0.6423846579104615
155	0.7021628286189256	62	0.7175738387629215
124	0.772361700074915	60	0.8407511828800951
167	0.8093394047198953	181	0.8514441588992634
225	0.769047073129866	156	0.7977106706868058
223	0.8787203535504937	108	0.7937807431310966
167	0.938389786234473	113	0.7492523450843993
42	0.7390302653257002	17	0.6943647689188803
189	0.8905038647414378	266	0.8726813977682129
85	0.8053967396823754	391	0.8870140995701629
106	0.7976180946388214	53	0.694023747418632
68	0.7386860853172004	111	0.7474054330625148
123	0.6985658009612009	61	0.7625458644628401
227	0.7709010630374635	47	0.7001063442490458
91	0.7109541786794231	50	0.7835993296445529
284	0.8735751576313185	76	0.7733271000381816
153	0.7448535716902818	115	0.781313112664637
57	0.7201529951264347	75	0.821026050738908
53	0.787562125802093	87	0.7577062678214588
58	0.7143524996551198	41	0.7039304364589745
47	0.7607240016812998	51	0.8986617804253958
67	0.9675620007357065	220	0.895594221895268
120	0.7909089533535553	65	0.7916992695767343
90	0.7448639493614768	114	0.8776476434665452
65	0.7410385873583668	97	0.7357175983148212
48	0.7487348303354548	91	0.7913440048426559
296	0.8809127073358634	45	0.7624916979958365
120	0.7435118983380928	155	0.8047574475990389
139	0.9341994521833645	78	0.6805816622026458
115	0.7632205590789958	57	0.7289532725247125
81	0.7153252878417513	38	0.6419382098610927
63	0.7445601469488614	34	0.6713253520915095
61	0.6941988276509959	84	0.7156782690324004
68	0.6674069935781504	63	0.6945683525926161
78	0.7820009811202343	63	0.6921078931908009
123	0.798414261850594	55	0.7523177259077232
354	0.8466683098079862	63	0.7126831678581099
25	0.6981289976004826	116	0.7722942567472579
57	0.8054281128994829	62	0.7337617398956229
96	0.7237224982450736	52	0.6774769686487954
102	0.8397096345181716	34	0.6801121428742186
435	0.9347405643349269	241	0.7882464170754151
89	0.7655093058962221	48	0.6983690398559875
144	0.7236388889024944	40	0.6522998857377752
78	0.715974410712725	85	0.8086052649225883
85	0.7668684592983481	53	0.7157213540127899
105	0.7639797752621478	277	0.9374345110647624
63	0.8097351482277935	44	0.6945750081665713
149	0.7941844996914234	111	0.7930637875094022
30	0.7656871979767692	315	0.8510772819016691
242	0.8115548524144041	62	0.6972216595478207
112	0.7591251530467268	19	0.5947781701180573
173	0.784301673536943	56	0.6958707449128281
74	0.7037639669394081	139	0.7890120595518586
144	0.7878719692761675	66	0.7136188727025291
416	0.8459700478577702	110	0.8043552644011646
81	0.890320048567677	25	0.6321128354269347
57	0.8339894457507477	20	0.74220861556318
131	0.8568891091252848	227	0.8515285540042465
32	0.6932679144499834	20	0.6223219881201648
273	0.7977225804429491	177	0.706451280213206
76	0.7310590509711298	75	0.7081939566898874
57	0.7254681052509612	104	0.7973300221240439
203	0.8000261554480503	77	0.68035943677921
105	0.8019407702227115	62	0.7706448304531566
15	0.6276103628066161	61	0.916141233126697
25	0.6737089179347807	321	0.8142242222189073
126	0.7513083164303078	100	0.6916662031462963
235	0.939057771289348	51	0.7097725542054809
98	0.7516344305478525	76	0.8316781274486366
284	0.8706286427736957	72	0.7152240516476507
77	0.7012046391091942	92	0.7860069925140114
217	0.7981123901253757	28	0.6459337426961893
129	0.7417776217859532	427	0.976191681662695
87	0.6894735077990474	29	0.7227164539062815
71	0.842945489188682	132	0.82680448209786
483	0.8884700009969552	52	0.723016371597955
166	0.7444199553702389	25	0.7205249295073126
48	0.7151133328899637	100	0.7889232649064564
37	0.7240042692271937	69	0.687190870329087
75	0.8190088807590449	79	0.8181223353170299
125	0.7055470010118057	294	0.8652395471767026
77	0.6871753860588685	80	0.7474144386411734
156	0.7983279163521974	77	0.7206692456926622
102	0.8499849485340822	171	0.716158389347619
83	0.7019315414665972	173	0.8625157145046227
123	0.7821433486401281	34	0.6378255191388038
124	0.7465083194602602	47	0.6471796006050087
123	0.8610817597673122	289	0.7876001396381566
77	0.7382925503864085	89	0.7686937601832358
134	0.8839490185987067	41	0.7283158672525711
53	0.7195494636837252	145	0.7930426928507668
38	0.8169123108691919	136	0.8516356374536153
178	0.8110614671778196	146	0.8112430894391351
75	0.6555114945657682	27	0.6808485937251023
27	0.6749583759842226	43	0.7629121179513878
235	0.8571086364797016	255	0.8397294558698492
114	0.8119055527348487	104	0.7398188023109051
40	0.6696272727488444	71	0.7325158831453344
194	0.8337129409657729	162	0.7387404731640195
80	0.7720058454679226	272	0.8102985732041849
223	0.905788347434338	110	0.7451006644124476
93	0.8126737343973267	329	0.9978344219122035
202	0.8725396710281619	70	0.7639916078613118
91	0.7043691957506417	45	0.6265502519475139
68	0.7124671564491203	50	0.8240091801514511
87	0.6866013318226052	574	0.9153897875850452
395	0.8596882367958166	115	0.7573412918712976
254	0.7825831475421308	73	0.9196571094798023
24	0.6489662547951635	110	0.8092914108729179
167	0.7713918625870932	244	0.8319167414021085
93	0.9410151960438525	100	0.8360032748751828
81	0.6547839821476678	67	0.7055560589691305
91	0.7808163225039242	51	0.7049143838958295
107	0.724566555155397	17	0.6072900696708909
125	0.7121058076520387	22	0.6485203820862375
18	0.6341866956005069	29	0.6691510369999094
88	0.9596567214526679	714	0.8834246687058382
158	0.7145450844414957	50	0.6960097989767747
118	0.7344035525129089	495	0.9447732166991426
94	1.0493906831634499	88	0.7498218239940453
333	0.8464610706720459	155	0.8843393646009267
41	0.6956449615699387	244	0.8056074963690907
27	0.717228815624082	44	0.6542428152279139
55	0.7491585062586016	110	0.7313728330867492
62	0.8110453479367437	420	0.8087092704538984
80	0.8203303480370571	91	0.7084477554522735
101	0.7263921877219588	138	0.8193760458602284
47	0.6971798738616966	131	0.8187973876559587
78	0.7680527753313026	35	0.623559154214922
230	0.9532815223406876	73	0.7518634387342936
88	0.7640470986552232	93	0.8367694372217485
37	0.6938477582433704	147	1.067994226757177
133	0.7667841256239056	92	0.706020034502109
387	0.8393348399636142	29	0.6317654009113582
110	0.6753692306805241	13	0.6495770785497503
532	0.8692252809135879	64	0.7284393274603445
114	0.8225604482724627	461	0.8208074158733802
75	0.8374724782803753	219	0.8177628783088787
179	0.7966789898954844	130	0.6991122858087676
353	0.8692079424962336	67	0.9546036821180603
47	0.8024066822638012	464	1.0268982258141908
32	0.6323916667210165	81	0.9159994840089469
74	0.7076673317135396	124	0.8212682201579895
92	0.7422883464973027	30	0.6542222559070897
107	0.8000005319236376	91	0.7679154733588769
116	0.7733311335450821	260	0.7813840310895945
148	0.7548537393231074	37	0.7069062801663881
276	0.7367275205576498	280	0.8222885525811021
62	0.7112657817394348	26	0.7790456950366786
64	0.7918654317184081	292	0.8175765552017822
68	0.7857984508187386	30	0.657820505563572
131	0.8008045266839908	428	0.8754467273119086
402	0.9227640241853915	155	0.9184130911247891
113	0.7311868788992518	164	0.7636428306095989
86	0.7646679776790004	126	0.7288119430495656
97	0.8513756637793108	120	0.7745410788507531
94	0.7477064750029299	21	0.7145975102707832
26	0.7192478538727856	223	0.8234007029161234
115	0.7738211906265324	211	0.7497769149906709
137	0.8004434342235156	66	0.7249562331441126
84	0.6993399273668126	152	0.7608867489670831
143	0.8873124403013084	64	0.747361126783989
197	1.0071919069449633	120	0.689564043616991
130	0.8206760683315169	86	0.6895170923844278
343	0.8074282642082639	32	0.7004947918344496
63	0.8609660981432714	514	0.8999462110916842
174	0.8326197486899528	145	0.8413915010077074
92	0.7636986561690218	71	0.7865350937691594
155	0.7346470735740299	64	0.7275218197730986
23	0.6660240282367714	133	0.7186222570234638
112	0.7508805130976431	27	0.7886820717217145
65	0.7459361264742117	184	0.8673850942583107
96	0.8248740707570943	40	0.6738273396628789
390	0.92723034694703	110	0.8035684653331432
48	0.8516684406754769	118	0.9293351376972017
144	0.8055433677004304	77	0.750654448836314
501	0.9554957901196162	58	0.7967215285834794
191	0.8498862317633193	104	0.7364188841487029
37	0.666385444766423	171	0.736385626142791
69	0.7127017165697411	57	0.793383592533017
282	0.8939053230009716	62	0.8328462479719299
123	0.7459635066344134	234	0.8717203597267313
149	0.8421235742055773	57	0.8256068128913743
274	0.8648008145607247	60	0.6860907134763787
278	0.870839864958209	47	0.6300365936668646
87	0.817750889199163	169	0.8991056618071204
111	0.7907629984245665	74	0.7022945933995559
38	0.6598451062826227	73	0.8248217084500411
42	0.6707111737010154	77	0.7766805791791129
84	0.7467690286371277	139	0.823944787483045
165	0.8503283350731385	23	0.6199864148525731
52	0.7361408523726334	117	0.807272861045658
40	0.6931074508440727	50	0.6812611312811335
57	0.7017730491289207	30	0.6935290623695064
99	0.7462103005633611	65	0.7667843902220722
74	0.7246337940034084	19	0.6772516437701972
