held_out	method	K	external_auroc	nested_cv_auroc	jaccard	cross_cohort_jaccard	kuncheva	seconds	B
GSE30528	rbs	5	0.6837606837606838	0.959090909090909	0.19610571638340404	0.04800122296109455		28.225642442703247	200
GSE30528	rbs	10	0.7948717948717949	0.9795454545454545	0.19610571638340404	0.04800122296109455		28.225642442703247	200
GSE30528	rbs	20	0.7777777777777777	0.9829545454545455	0.19610571638340404	0.04800122296109455		28.225642442703247	200
GSE30528	rbs	50	0.8376068376068376	0.9886363636363636	0.19610571638340404	0.04800122296109455		28.225642442703247	200
GSE30528	rbs	100	0.8205128205128205	0.9897727272727274	0.19610571638340404	0.04800122296109455		28.225642442703247	200
GSE96804	rbs	5	0.9621951219512195	0.9255555555555557	0.1785175025956424	0.0		15.592541456222534	200
GSE96804	rbs	10	0.9829268292682927	0.9715555555555555	0.1785175025956424	0.0		15.592541456222534	200
GSE96804	rbs	20	0.9890243902439024	0.9715555555555555	0.1785175025956424	0.0		15.592541456222534	200
GSE96804	rbs	50	0.998780487804878	0.969111111111111	0.1785175025956424	0.0		15.592541456222534	200
GSE96804	rbs	100	0.9963414634146341	0.9648888888888889	0.1785175025956424	0.0		15.592541456222534	200
GSE104948	rbs	5	0.9455128205128205	0.9436921296296296	0.21509257718337746	0.04119850187265917		24.66563391685486	200
GSE104948	rbs	10	0.951923076923077	0.9433449074074073	0.21509257718337746	0.04119850187265917		24.66563391685486	200
GSE104948	rbs	20	0.9358974358974358	0.9847569444444446	0.21509257718337746	0.04119850187265917		24.66563391685486	200
GSE104948	rbs	50	0.9711538461538461	0.9924305555555556	0.21509257718337746	0.04119850187265917		24.66563391685486	200
GSE104948	rbs	100	0.967948717948718	0.996875	0.21509257718337746	0.04119850187265917		24.66563391685486	200
GSE142025	rbs	5	1.0	0.9250874125874127	0.17980599939016706	0.01016972445543874		25.857012271881104	200
GSE142025	rbs	10	1.0	0.9757381507381508	0.17980599939016706	0.01016972445543874		25.857012271881104	200
GSE142025	rbs	20	1.0	0.9865384615384615	0.17980599939016706	0.01016972445543874		25.857012271881104	200
GSE142025	rbs	50	1.0	0.9933760683760685	0.17980599939016706	0.01016972445543874		25.857012271881104	200
GSE142025	rbs	100	1.0	0.9933760683760685	0.17980599939016706	0.01016972445543874		25.857012271881104	200
