gene	g_naive	rank_naive	g_matched	rank_matched	moved
SVEP1	0.1969143977759332	7912.0	0.5689175942037868	540.0	7372.0
OLFML3	0.4501209650574029	5530.0	0.6259086279681215	377.0	5153.0
FMOD	1.1943290179637884	1264.0	1.2833393670261586	4.0	1260.0
PCOLCE	1.1860331386599967	1290.0	0.6428635460285842	336.0	954.0
CCDC91	-1.1617538629080697	1381.0	-0.514174361724224	740.0	641.0
FOLR2	1.4596265791901857	642.0	0.8276973831138901	86.0	556.0
LUM	1.5805342625824266	468.0	0.9374151760924936	43.0	425.0
TNFRSF12A	1.4468037196256054	664.0	0.647090090694918	323.0	341.0
CA10	-1.5346595998998631	518.0	-0.7080223230281129	198.0	320.0
CTNNBIP1	-1.5766964733776023	472.0	-0.7222053149259322	183.0	289.0
MMP2	1.7105076130711687	307.0	1.0264289473342054	24.0	283.0
HDAC9	1.586409675183205	459.0	0.685482399362771	237.0	222.0
MSC	1.3938188075776368	783.0	0.5614262375308625	563.0	220.0
MOXD1	1.830840727135273	204.0	0.9483290120951264	40.0	164.0
KBTBD11	-1.6405448700478582	386.0	-0.66963323483286	271.0	115.0
CCND2	1.8231469890384049	212.0	0.8061593940536771	97.0	115.0
SOX4	1.877670486601957	168.0	0.8494412015311121	70.0	98.0
VCAN	1.7592484037939289	264.0	0.7374325864707825	168.0	96.0
THBS2	2.0240100899515623	88.0	1.1340462990021984	12.0	76.0
MMP7	1.5965789282667235	447.0	0.6237392545984978	386.0	61.0
TNNT2	-1.872075482820367	171.0	-0.7602833113791329	137.0	34.0
C1orf21	-1.8016380289197615	237.0	-0.7016435606792463	205.0	32.0
ARL4C	1.8424169706121163	195.0	0.7183989070387923	187.0	8.0
RARRES1	1.8356835589795677	200.0	0.6847636699218347	238.0	-38.0
IGFBP6	1.9895678395473144	105.0	0.7381014562570829	165.0	-60.0
FKBP5	-1.7075741093907773	311.0	-0.605975144130169	422.0	-111.0
TPD52	-1.5080165484467778	569.0	-0.5215950424234942	700.0	-131.0
MARCKS	1.7813001640041533	251.0	0.6150461704779723	403.0	-152.0
ACTN1	2.286692305838262	22.0	0.7085463954381566	197.0	-175.0
MS4A6A	2.180018809129244	42.0	0.6930671811213951	218.0	-176.0
COL1A2	2.138434668404069	58.0	0.685552297081123	236.0	-178.0
RNASE6	1.7010903228458762	318.0	0.574216861568796	525.0	-207.0
CFD	2.1742223508722587	46.0	0.6721356847059425	265.0	-219.0
PPIC	2.100408567223906	68.0	0.6602405778013022	291.0	-223.0
DPP6	-1.643641347850277	380.0	-0.547369221190754	614.0	-234.0
DYRK2	2.1785626936815934	43.0	0.6658079157128092	278.0	-235.0
SYT11	2.485947570963719	8.0	0.6510171864429249	315.0	-307.0
S100A4	2.093180952778362	71.0	0.606108491387273	420.0	-349.0
PRSS23	1.6188106277480727	414.0	0.50580418033048	790.0	-376.0
FBN1	2.40299616267868	15.0	0.6080561045933459	417.0	-402.0
CD247	2.175871934084104	44.0	0.590359270523079	470.0	-426.0
CD48	2.132223052842986	60.0	0.5672799360283682	544.0	-484.0
CALHM2	2.3108610216880425	20.0	0.5693678096728176	539.0	-519.0
CASP1	2.391318282821248	16.0	0.5495086149743783	603.0	-587.0
SACS	1.924870996432332	141.0	0.5117364345886342	761.0	-620.0
TYROBP	2.2361627583234367	31.0	0.5283545698472989	678.0	-647.0
